item_type,slug,name,description,rarity,is_starter,is_shoppable,value,stat_atk,stat_def,stat_str,stat_con,stat_int,stat_mnd,stat_lck,stat_hp,stat_mp,resistance_strike,resistance_slash,resistance_pierce,resistance_fire,resistance_ice,resistance_lightning,resistance_petrify,resistance_holy,resistance_darkness,resistance_curse,resistance_poison,attribute1,attribute2,is_consumable,is_consumed_over_time,dlc
Dagger,,Knife,Cheap pocket knife.,1,,,250,3,0,0,0,0,0,0,0,0,0,0,0,0,0,0,0,0,0,0,0,,,,,
Dagger,,Baselard,Dagger with an I-shaped shaft.,1,,,650,5,0,0,0,0,0,0,0,0,0,0,0,0,0,0,0,0,0,0,0,,,,,
Dagger,,Combat Knife,Flat combat dagger.,2,,,950,8,0,0,0,0,0,0,0,0,0,0,0,0,0,0,0,0,0,0,0,,,,,
Dagger,,Cutall,Short sword of East Indian origins.,2,,,2450,9,0,0,0,0,0,0,0,0,0,0,0,0,0,0,0,0,0,0,0,,,,,
Dagger,,Holbein Dagger,Enables a swift slashing attack.,3,,,2500,8,0,0,0,0,0,0,0,0,0,0,0,0,0,0,0,0,0,0,0,,,,,
Dagger,,Were Bane,Strong against werebeasts.,3,,,5500,21,0,0,0,0,0,0,0,0,0,0,0,0,0,0,0,0,0,0,0,,,,,
Dagger,,Cinquedae,Elaborate dagger encrusted with jewels.,4,,,6750,31,0,0,0,0,0,0,0,0,0,0,0,0,0,0,0,0,0,0,0,,,,,
Dagger,,Shotel,Abyssinian curved sword.,4,,,8000,35,0,0,0,0,0,0,0,0,0,0,0,0,0,0,0,0,0,0,0,,,,,
Sword,,Tyrfing,"Dark, cursed sword.",1,,,200,6,0,0,0,0,0,0,0,0,0,0,0,0,0,0,0,0,0,0,0,,,,,
Sword,,Alucart Sword,Resembles a certain family heirloom...,1,,,250,3,0,0,0,0,0,0,0,0,0,0,0,0,0,0,0,0,0,0,0,,,,,
Sword,,Short Sword,Standard sword with a short blade.,1,,,300,4,0,0,0,0,0,0,0,0,0,0,0,0,0,0,0,0,0,0,0,,,,,
Sword,,Long Sword,A common type of sword.,1,,,450,5,0,0,0,0,0,0,0,0,0,0,0,0,0,0,0,0,0,0,0,,,,,
Sword,,Saber,Light sword used by cavalry riders.,1,,,550,6,0,0,0,0,0,0,0,0,0,0,0,0,0,0,0,0,0,0,0,,,,,
Sword,,Scimitar,"Curved, single-edged sword.",1,,,700,7,0,0,0,0,0,0,0,0,0,0,0,0,0,0,0,0,0,0,0,,,,,
Sword,,Bekatowa,"Plain, easy-to-wield war sword.",2,,,850,8,0,0,0,0,0,0,0,0,0,0,0,0,0,0,0,0,0,0,0,,,,,
Sword,,Broadsword,"A simple sword, often used by mercenaries.",2,,,1075,9,0,0,0,0,0,0,0,0,0,0,0,0,0,0,0,0,0,0,0,,,,,
Sword,,Cutlass,Standard cavalry sword.,2,,,1250,10,0,0,0,0,0,0,0,0,0,0,0,0,0,0,0,0,0,0,0,,,,,
Sword,,Jagdplaute,Elegant yet deadly sword.,2,,,1400,11,0,0,0,0,0,0,0,0,0,0,0,0,0,0,0,0,0,0,0,,,,,
Sword,,Bastard Sword,A standard blade.,2,,,1500,12,0,0,0,0,0,0,0,0,0,0,0,0,0,0,0,0,0,0,0,,,,,
Sword,,Damascus Sword,Superior sword that never loses its razor-sharp edge.,2,,,1525,13,0,0,0,0,0,0,0,0,0,0,0,0,0,0,0,0,0,0,0,,,,,
Sword,,Talwar,Curved Indian sword.,2,,,1625,14,0,0,0,0,0,0,0,0,0,0,0,0,0,0,0,0,0,0,0,,,,,
Sword,,Gladius,Sword used in ancient Rome,2,,,1925,16,0,0,0,0,0,0,0,0,0,0,0,0,0,0,0,0,0,0,0,,,,,
Sword,,Indra's Light,Lightning sword of the storm god Indra.,2,,,2000,5,0,0,0,0,0,0,0,0,0,0,0,0,0,0,0,0,0,0,0,lightning,,,,
Sword,,Agni's Flame,Flaming blade of the fire god Agni.,2,,,2000,15,0,0,0,0,0,0,0,0,0,0,0,0,0,0,0,0,0,0,0,fire,,,,
Sword,,Rahab's Frost,Icy blade made from the fang of the water-dragon Rahab.,2,,,2000,7,0,0,0,0,0,0,0,0,0,0,0,0,0,0,0,0,0,0,0,ice,,,,
Sword,,Sword of Hador,Sword with a hilt crafted to resemble a red serpent.,2,,,2250,17,0,0,0,0,0,0,0,0,0,0,0,0,0,0,0,0,0,0,0,,,,,
Sword,,Harper,Weapon legends say was used to killed Medusa.,2,,,2300,18,0,0,0,0,0,0,0,0,0,0,0,0,0,0,0,0,0,0,0,,,,,
Sword,,Mormegil,"Dark blade, strong against holy foes.",2,,,2500,18,0,0,0,0,0,0,0,0,0,0,0,0,0,0,0,0,0,0,0,,,,,
Sword,,Hrunting,Frightening sword that contains venom in its blade.,2,,,2500,18,0,0,0,0,0,0,0,0,0,0,0,0,0,0,0,0,0,0,0,poison,,,,
Sword,,Holy Sword,"Blessed cross hilt, strong against undead creatures.",2,,,2500,18,0,0,0,0,0,0,0,0,0,0,0,0,0,0,0,0,0,0,0,,,,,
Sword,,Milican's Sword,Sword that sometimes turns those it strikes into stone.,3,,,3000,10,0,0,0,0,0,0,0,0,0,0,0,0,0,0,0,0,0,0,0,,,,,
Sword,,Vorpal Blade,Slices cleanly through enemies.,3,,,3250,10,0,0,0,0,0,0,0,0,0,0,0,0,0,0,0,0,0,0,0,,,,,
Sword,,Ice Brand,Demonic sword that freezes all that it touches.,3,,,3750,21,0,0,0,0,0,0,0,0,0,0,0,0,0,0,0,0,0,0,0,ice,,,,
Sword,,Gram,A deadly aura surrounds this infamous blade.,3,,,4500,22,0,0,0,0,0,0,0,0,0,0,0,0,0,0,0,0,0,0,0,,,,,
Sword,,Fragarach,Demonic sword in the shape of a cross.,3,,,5000,25,0,0,0,0,0,0,0,0,0,0,0,0,0,0,0,0,0,0,0,,,,,
Sword,,Joyeuse,Extravagantly beautiful sword. Quite valuable.,3,,,5000,20,0,0,0,0,0,0,0,0,0,0,0,0,0,0,0,0,0,0,0,,,,,
Sword,,Laevatain,Intensely hot sword that scorches everything it touches.,3,,,6250,15,0,0,0,0,0,0,0,0,0,0,0,0,0,0,0,0,0,0,0,fire,,,,
Sword,,Burtgang,"Sword blessed by divinity, designed primarily for defense.",3,,,7500,30,5,0,5,0,0,0,0,0,0,0,0,0,0,0,0,0,0,0,0,,,,,
Sword,,Mystletain,Sword hewn from the wood cut of a divine tree.,4,,,8750,33,0,0,0,0,0,0,0,0,0,0,0,0,0,0,0,0,0,0,0,,,,,
Sword,,Kaladbolg,Demonic sword tempered by faeries.,4,,,10000,39,0,0,0,0,0,0,0,0,0,0,0,0,0,0,0,0,0,0,0,,,,,
Sword,,Badelaire,Sword whose power increases based on your total play time.,5,,,12500,30,0,0,0,0,0,0,0,0,0,0,0,0,0,0,0,0,0,0,0,,,,,
Sword,,Alucard Sword,Alucard's favorite sword.,5,,,,40,0,0,0,0,0,0,0,0,0,0,0,0,0,0,0,0,0,0,0,,,,,
Sword,,Valmanway,"Sword whose name means ""Blessed Wind.""",5,,,,10,0,0,0,0,0,0,0,0,0,0,0,0,0,0,0,0,0,0,0,,,,,
Sword,,Alucard Sword +1,Alucard's favorite sword.,5,,,,60,0,0,0,0,0,0,0,0,0,0,0,0,0,0,0,0,0,0,0,,,,,
Sword,,Valmanway +1,"Sword whose name means ""Blessed Wind.""",5,,,,15,0,0,0,0,0,0,0,0,0,0,0,0,0,0,0,0,0,0,0,,,,,
Sword,,Pulse Blade,A prized sword passed down through the Getsu clan.,1,,,,8,0,0,0,0,0,0,0,0,0,0,0,0,0,0,0,0,0,0,0,,,,,
Rapier,,Rapier,Thrusting sword with a tapered blade.,1,,,700,5,0,0,0,0,0,0,0,0,0,0,0,0,0,0,0,0,0,0,0,,,,,
Rapier,,Fleuret,Light and easy-to-handle sword.,2,,,1500,10,0,0,0,0,0,0,0,0,0,0,0,0,0,0,0,0,0,0,0,,,,,
Rapier,,Main Gauche,Sword designed for superior defense.,2,,,2200,19,3,0,0,0,0,0,0,0,0,0,0,0,0,0,0,0,0,0,0,,,,,
Rapier,,Small Sword,Light and easy-to-handle sword.,3,,,4500,29,0,0,0,0,0,0,0,0,0,0,0,0,0,0,0,0,0,0,0,,,,,
Rapier,,Estoc,Blade primarily designed as a stabbing weapon.,4,,,8250,38,0,0,0,0,0,0,0,0,0,0,0,0,0,0,0,0,0,0,0,,,,,
Rapier,,Kris Naga,Beautifully adorned stiletto knife.,4,,,,45,0,0,0,0,0,0,0,0,0,0,0,0,0,0,0,0,0,0,0,,,,,
Greatsword,,Falchion,"Norman sword with a wide, crescent-shaped blade.",1,,,250,6,0,0,0,0,0,0,0,0,0,0,0,0,0,0,0,0,0,0,0,,,,,
Greatsword,,Flamberge,Flame-edged sword.,2,,,1000,12,0,0,0,0,0,0,0,0,0,0,0,0,0,0,0,0,0,0,0,,,,,
Greatsword,,Terror Bear,Insidious stuffed toy filled with iron and sand.,2,,,1000,6,0,0,0,0,0,0,0,0,0,0,0,0,0,0,0,0,0,0,0,,,,,
Greatsword,,Zweihander,German two-handed sword.,2,,,1500,16,0,0,0,0,0,0,0,0,0,0,0,0,0,0,0,0,0,0,0,,,,,
Greatsword,,Claymore,Large Scottish blade.,2,,,2000,20,0,0,0,0,0,0,0,0,0,0,0,0,0,0,0,0,0,0,0,,,,,
Greatsword,,Obsidian Sword,"Two-handed blade, forged of volcanic glass.",2,,,2500,22,0,0,0,0,0,0,0,0,0,0,0,0,0,0,0,0,0,0,0,,,,,
Greatsword,,Daybreak,Enchanted sword with the power to summon an undead army.,3,,,4500,44,0,0,0,0,0,0,0,0,0,0,0,0,0,0,0,0,0,0,0,,,,,
Greatsword,,Great Sword,Massive sword designed to smash through its targets.,3,,,5000,27,0,0,0,0,0,0,0,0,0,0,0,0,0,0,0,0,0,0,0,,,,,
Greatsword,,Dainslef,Demonic sword of finality.,3,,,6000,31,0,0,0,0,0,0,0,0,0,0,0,0,0,0,0,0,0,0,0,,,,,
Greatsword,,Durandal,Sword of giants that was tempered by fairies.,3,,,7000,35,0,0,0,5,0,0,3,0,0,0,0,0,0,0,0,0,0,0,0,,,,,
Greatsword,,Ascalon,Dragon-slaying sword.,4,,,10500,42,0,0,0,0,0,0,0,0,0,0,0,0,0,0,0,0,0,0,0,,,,,
Greatsword,,Balmung,Demonic dragon-slaying sword.,4,,,12500,48,0,0,0,0,0,0,0,0,0,0,0,0,0,0,0,0,0,0,0,,,,,
Greatsword,,Final Sword,Blade favored by the Final Guards.,4,,,,38,0,0,0,0,0,0,0,0,0,0,0,0,0,0,0,0,0,0,0,,,,,
Greatsword,,Claimh Solais,An indefatigable sword. Its blade glitters with light.,5,,,,70,0,0,0,3,0,0,0,0,0,0,0,0,0,0,0,0,0,0,0,holy,,,,
Greatsword,,Claimh Solais +1,An indefatigable sword. Its blade glitters with light.,5,,,,82,0,6,0,6,0,0,0,0,0,0,0,0,0,0,0,0,0,0,0,holy,,,,
Katana,,Takemitsu,Bamboo sword.,1,,,150,3,0,0,0,0,0,0,0,0,0,0,0,0,0,0,0,0,0,0,0,,,,,
Katana,,Blunt Sword,Sword with a dull cutting edge.,1,,,450,5,0,0,0,0,0,0,0,0,0,0,0,0,0,0,0,0,0,0,0,,,,,
Katana,,Katana,Traditional sword used by samurai.,2,,,1125,10,0,0,0,0,0,0,0,0,0,0,0,0,0,0,0,0,0,0,0,,,,,
Katana,,Kotetsu,"Sword named after the legendary swordsmith, Nagasone Kotetsu.",2,,,2250,15,0,0,0,0,0,0,0,0,0,0,0,0,0,0,0,0,0,0,0,,,,,
Katana,,Kunitsuna,"Onimaru Kunitsuna, a sword said to have slain Oni demons.",3,,,5750,25,0,0,0,0,0,0,0,0,0,0,0,0,0,0,0,0,0,0,0,,,,,
Katana,,Osafune,Japanese sword with the full name of Bizen Osafune Nagamitsu.,3,,,8500,30,0,0,0,0,0,0,0,0,0,0,0,0,0,0,0,0,0,0,0,,,,,
Katana,,Yasutsuna,"Doujikiri Yasuksuna, a sword said to have cut off a demon's arm.",4,,,11500,36,0,0,0,0,0,0,0,0,0,0,0,0,0,0,0,0,0,0,0,,,,,
Katana,,Yasutsuna +1,"Doujikiri Yasuksuna, a sword said to have cut off a demon's arm.",5,,,,38,0,0,0,0,0,0,0,0,0,0,0,0,0,0,0,0,0,0,0,,,,,
Katana,,Muramasa,Sword with a macabre reputation.,5,,,,52,0,0,0,0,0,0,0,0,0,0,0,0,0,0,0,0,0,0,0,,,,,
Katana,,Muramasa +1,Sword with a macabre reputation.,5,,,,69,0,0,0,0,0,0,0,0,0,0,0,0,0,0,0,0,0,0,0,,,,,
Axe,,Axe,Heavy single-edged axe,1,,,300,8,0,0,0,0,0,0,0,0,0,0,0,0,0,0,0,0,0,0,0,,,,,
Axe,,Battle Axe,Double-edged axe designed for combat.,2,,,1050,16,0,0,0,0,0,0,0,0,0,0,0,0,0,0,0,0,0,0,0,,,,,
Axe,,Bhuj,Heavy war axe.,2,,,1950,27,0,0,0,0,0,0,0,0,0,0,0,0,0,0,0,0,0,0,0,,,,,
Axe,,Great Axe,Huge war axe. It is exceptionally heavy.,3,,,4950,35,0,0,0,0,0,0,0,0,0,0,0,0,0,0,0,0,0,0,0,,,,,
Axe,,Golden Axe,"Axe, crafted from gold, with astounding destructive power.",3,,,7000,55,0,0,0,0,0,0,0,0,0,0,0,0,0,0,0,0,0,0,0,,,,,
Axe,,Death Scythe,Scythe used by Death to gather souls.,5,,,,80,0,0,0,0,0,0,0,0,0,0,0,0,0,0,0,0,0,0,0,,,,,
Cestus,,Knuckle Dusters,Iron-studded brass knuckles.,1,,,195,3,0,0,0,0,0,0,0,0,0,0,0,0,0,0,0,0,0,0,0,,,,,
Cestus,,Brass Knuckles,Metal weapon that adds sting to your punches.,1,,,870,7,0,0,0,0,0,0,0,0,0,0,0,0,0,0,0,0,0,0,0,,,,,
Cestus,,Cestus,Hard knuckle guards worn by ancient boxers.,1,,,1320,11,0,0,0,0,0,0,0,0,0,0,0,0,0,0,0,0,0,0,0,,,,,
Cestus,,Jewel Knuckles,Jewel reinforced knuckles.,2,,,1820,14,0,0,0,0,0,0,0,0,0,0,0,0,0,0,0,0,0,0,0,,,,,
Cestus,,Blue Knuckles,Specially designed for devastating uppercuts.,3,,,2450,11,0,0,0,0,0,0,0,0,0,0,0,0,0,0,0,0,0,0,0,,,,,
Cestus,,Mach Punch,Enables punches to be thrown at the speed of sound.,3,,,3450,10,0,0,0,0,0,0,0,0,0,0,0,0,0,0,0,0,0,0,0,,,,,
Cestus,,Kaiser Knuckle,Imbues knuckles with divine rage.,3,,,4200,25,0,0,0,0,0,0,0,0,0,0,0,0,0,0,0,0,0,0,0,,,,,
Cestus,,Whip Knuckle,"Enables quick, whip-like punches.",3,,,7450,30,0,0,0,0,0,0,0,0,0,0,0,0,0,0,0,0,0,0,0,,,,,
Cestus,,Fist of Tulkas,Blessed by Tulkas the Valar.,4,,,9200,40,0,0,0,0,0,0,5,0,0,0,0,0,0,0,0,0,0,0,0,,,,,
Cestus,,Kaiser Knuckle +1,Imbues knuckles with divine rage.,5,,,,49,0,0,0,0,0,0,3,0,0,0,0,0,0,0,0,0,0,0,0,,,,,
Cudgel,,Mace,A large club.,1,,,450,5,0,0,0,0,0,0,0,0,0,0,0,0,0,0,0,0,0,0,0,,,,,
Cudgel,,Morning Star,"Club with a vicious, spike-studded head.",2,,,1950,5,0,0,0,0,0,0,0,0,0,0,0,0,0,0,0,0,0,0,0,,,,,
Cudgel,,Star Flail,Flail topped with spiked balls.,2,,,2450,19,0,0,0,0,0,0,0,0,0,0,0,0,0,0,0,0,0,0,0,,,,,
Cudgel,,Holy Rod,Scepter anointed with divine power.,3,,,4500,25,0,0,0,2,0,0,0,0,0,0,0,0,0,0,0,0,0,0,0,,,,,
Cudgel,,Moon Rod,Scepter adorned with lunar markings.,5,,,8250,40,0,0,0,2,0,0,0,0,0,0,0,0,0,0,0,0,0,0,0,,,,,
Cudgel,,Mjollnjr,Mighty hammer of the thunder god.,5,,,,28,0,0,0,0,0,0,0,0,0,0,0,0,0,0,0,0,0,0,0,,,,,
Lance,,Spear,A standard spear.,1,,,500,8,0,0,0,0,0,0,0,0,0,0,0,0,0,0,0,0,0,0,0,,,,,
Lance,,Partisan,A polearm fitted with a broad blade.,2,,,1000,12,0,0,0,0,0,0,0,0,0,0,0,0,0,0,0,0,0,0,0,,,,,
Lance,,Halberd,Polearm ending in a wide axe blade.,2,,,1500,18,0,0,0,0,0,0,0,0,0,0,0,0,0,0,0,0,0,0,0,,,,,
Lance,,Lance,Spear used by cavalry knights.,2,,,2000,24,0,0,0,0,0,0,0,0,0,0,0,0,0,0,0,0,0,0,0,,,,,
Lance,,Trident,Three-pronged spear.,3,,,2500,30,0,0,0,0,0,0,0,3,0,0,0,0,0,0,0,0,0,0,0,,,,,
Lance,,Brionac,Demonic five-pronged spear.,3,,,2500,35,0,0,0,0,0,0,5,0,0,0,0,0,0,0,0,0,0,0,0,,,,,
Lance,,Geiborg,Spear tempered by witches.,3,,,6250,42,0,0,0,0,0,0,0,10,0,0,0,0,0,0,0,0,0,0,0,,,,,
Lance,,Longinus,Spear of divinity.,4,,,8750,52,0,0,0,0,0,0,7,7,0,0,0,0,0,0,0,0,0,0,0,,,,,
Lance,,Gunger,Divine thunderbolt that pierces everything it touches.,5,,,,22,0,0,0,0,0,0,0,0,0,0,0,0,0,0,0,0,0,0,0,,,,,
Firearm,,Chakram,"Throwing weapon with a sharp, circular blade.",1,,,400,4,0,0,0,0,0,0,0,0,0,0,0,0,0,0,0,0,0,0,0,,,,,
Firearm,,Handgun,Fires 9mm rounds.,1,,,3000,5,0,0,0,0,0,0,0,0,0,0,0,0,0,0,0,0,0,0,0,,,,,
Firearm,,Tomahawk,Battle axe designed for throwing.,1,,,2000,12,0,0,0,0,0,0,0,0,0,0,0,0,0,0,0,0,0,0,0,,,,,
Firearm,,Silver Gun,Shoots silver bullets that have been ritually blessed.,1,,,8000,16,0,0,0,0,0,0,0,0,0,0,0,0,0,0,0,0,0,0,0,,,,,
Firearm,,Throwing Sickle,Small throwing sickle used by ninjas.,1,,,3250,24,0,0,0,0,0,0,0,0,0,0,0,0,0,0,0,0,0,0,0,,,,,
Firearm,,RPG,Rocket-propelled grenade.,1,,,37500,35,0,0,0,0,0,0,0,0,0,0,0,0,0,0,0,0,0,0,0,,,,,
Shield,,Alucart Shield,Resembles a certain family shield...,1,,,125,0,0,0,0,0,0,0,0,0,0,0,0,0,0,0,0,0,0,0,0,,,,,
Shield,,Leather Shield,Leather shield with low DEF.,1,,,250,0,1,0,0,0,0,0,0,0,0,0,0,0,0,0,0,0,0,0,0,,,,,
Shield,,Iron Shield,Shield of hard metal.,1,,,375,0,2,0,0,0,0,0,0,0,0,0,0,0,0,0,0,0,0,0,0,,,,,
Shield,,Axe Knight Shield,Favorite shield of axe-wielding terrors.,1,,,500,0,3,0,0,0,0,0,0,0,0,0,0,0,0,0,0,0,0,0,0,,,,,
Shield,,Knight Shield,Armored knight's shield.,2,,,750,0,4,0,0,0,0,0,0,0,0,0,0,0,0,0,0,0,0,0,0,,,,,
Shield,,Dark Shield,Unholy dark shield.,2,,,1250,9,3,0,0,0,0,0,0,0,0,0,0,0,0,0,0,0,0,0,0,,,,,
Shield,,Shaman Shield,Shield used in magic rituals.,2,,,2000,0,5,0,0,0,0,0,0,0,0,0,0,0,0,0,0,0,0,0,0,,,,,
Shield,,Skull Shield,Shield adorned with a skull and crossbones.,3,,,3000,0,6,0,0,0,0,0,0,0,0,0,0,0,0,0,0,0,0,0,0,,,,,
Shield,,Medusa Shield,Gorgon-headed shield.,3,,,3750,1,3,0,0,0,0,0,0,0,0,0,0,0,0,0,0,0,0,0,0,,,,,
Shield,,Fire Shield,Flame-imbued shield.,3,,,4000,0,7,0,0,0,0,0,0,0,0,0,0,0,0,0,0,0,0,0,0,,,,,
Shield,,Goddess Shield,Engraved with a divine image.,4,,,6000,0,8,0,0,0,0,0,0,0,0,0,0,0,0,0,0,0,0,0,0,,,,,
Shield,,Herald Shield,Shield with heart crest.,4,,,7500,0,9,0,0,0,0,0,0,0,0,0,0,0,0,0,0,0,0,0,0,,,,,
Shield,,Alucard Shield,Strong against all attacks.,4,,,10000,0,10,0,0,0,0,0,0,0,0,0,0,0,0,0,0,0,0,0,0,,,,,
Snake Sword,,Whip Sword,Weapon with a whip-like blade.,1,,,1200,8,0,0,0,0,0,0,0,0,0,0,0,0,0,0,0,0,0,0,0,,,,,
Snake Sword,,Garian Sword,"Flexible, articulated sword made for executions.",1,,,2950,18,0,0,0,0,0,0,0,0,0,0,0,0,0,0,0,0,0,0,0,,,,,
Snake Sword,,Nebula,A chain that binds and destroys evil.,1,,,,48,0,0,0,0,0,0,0,0,0,0,0,0,0,0,0,0,0,0,0,,,,,
Other Weapon,,Heaven's Sword,A demon-slaying sword once wielded by an Angel,1,,,1925,30,0,0,0,0,0,0,0,0,0,0,0,0,0,0,0,0,0,0,0,,,,,
Other Weapon,,Vampire Killer,Legendary Whip and the bane of all vampires.,1,,,,3,0,0,0,0,0,0,0,0,0,0,0,0,0,0,0,0,0,0,0,,,,,
Other Weapon,,Belnades Staff,A Belnades clan treasure.,1,,,,1,0,0,0,0,0,0,0,0,0,0,0,0,0,0,0,0,0,0,0,,,,,
Other Weapon,,Book of Binding,Book that gains strength as it captures new spells.,1,,,,3,0,0,0,0,0,0,0,0,0,0,0,0,0,0,0,0,0,0,0,,,,,
Other Weapon,,Doves,Lovely white birds that answer their master's call.,1,,,,1,0,0,0,0,0,0,0,0,0,0,0,0,0,0,0,0,0,0,0,,,,,
Other Weapon,,Tonfa,Strike your enemies twice.,1,,,750,0,0,0,0,0,0,0,0,0,0,0,0,0,0,0,0,0,0,0,0,,,,,
Other Weapon,,Nunchakus,Only a true master can wield a weapon this deadly.,1,,,750,0,0,0,0,0,0,0,0,0,0,0,0,0,0,0,0,0,0,0,0,,,,,
Weapon Glyph,,Confodere,Rapier glyph.,1,,,,2,0,0,0,0,0,0,0,0,0,0,0,0,0,0,0,0,0,0,0,,,,,
Weapon Glyph,,Lapiste,Pulverize enemies with giant fists of stone.,2,,,,6,0,0,0,0,0,0,0,0,0,0,0,0,0,0,0,0,0,0,0,,,,,
Weapon Glyph,,Pneuma,Create squalls to sweep enemies away,2,,,,3,0,0,0,0,0,0,0,0,0,0,0,0,0,0,0,0,0,0,0,,,,,
Weapon Glyph,,Dextro Custos,Attack with the right head of Cerberus.,1,,,,7,0,0,0,0,0,0,0,0,0,0,0,0,0,0,0,0,0,0,0,slash,fire,,,
Weapon Glyph,,Sinestro Custos,Attack with the left head of Cerberus.,1,,,,7,0,0,0,0,0,0,0,0,0,0,0,0,0,0,0,0,0,0,0,slash,ice,,,
Subweapon,knife-subweapon,Knife,Throwing weapon used by Hunters.,1,,,,4,0,0,0,0,0,0,0,0,0,0,0,0,0,0,0,0,0,0,0,,,6,0,
Subweapon,axe-subweapon,Axe,Throwing weapon that is especially effective against overhead targets.,1,,,,8,0,0,0,0,0,0,0,0,0,0,0,0,0,0,0,0,0,0,0,,,12,0,
Subweapon,,Holy Water,Blessed water that wards off evil.,3,,,,10,0,0,0,0,0,0,0,0,0,0,0,0,0,0,0,0,0,0,0,,,15,0,
Subweapon,,Cross,Holy cross that dispels evil.,3,,,,10,0,0,0,0,0,0,0,0,0,0,0,0,0,0,0,0,0,0,0,,,15,0,
Subweapon,,Ricochet Rock,Weapon that bounces back after hitting walls.,2,,,,6,0,0,0,0,0,0,0,0,0,0,0,0,0,0,0,0,0,0,0,,,12,0,
Subweapon,,Bible,Book containing words that exorcise evil.,3,,,,8,0,0,0,0,0,0,0,0,0,0,0,0,0,0,0,0,0,0,0,,,15,0,
Subweapon,,R. Dagger,,1,,,20000,0,0,0,0,0,0,0,0,0,0,0,0,0,0,0,0,0,0,0,0,,,4,0,
Subweapon,,R. Boomerang,,1,,,,0,0,0,0,0,0,0,0,0,0,0,0,0,0,0,0,0,0,0,0,,,12,0,
Subweapon,,R. Fire Bomb,,1,,,,0,0,0,0,0,0,0,0,0,0,0,0,0,0,0,0,0,0,0,0,,,12,0,
Subweapon,,R. Axe,,1,,,30000,0,0,0,0,0,0,0,0,0,0,0,0,0,0,0,0,0,0,0,0,,,10,0,
Subweapon,,Boomerang,Throwing weapon that returns to the thrower in an arc.,1,,,,6,0,0,0,0,0,0,0,0,0,0,0,0,0,0,0,0,0,0,0,,,10,0,
Subweapon,,Shuriken,Throwing weapon uses by ninjas.,2,,,,5,0,0,0,0,0,0,0,0,0,0,0,0,0,0,0,0,0,0,0,,,10,0,
Subweapon,,Kunai,A ninja's knife: it is also a deadly throwing weapon.,2,,,,5,0,0,0,0,0,0,0,0,0,0,0,0,0,0,0,0,0,0,0,,,10,0,
Subweapon,,Paper Airplane,"Not terribly intimidating, but just might put someone's eye out.",1,,,,4,0,0,0,0,0,0,0,0,0,0,0,0,0,0,0,0,0,0,0,,,5,0,
Subweapon,,Wrecking Ball,A steel ball with devastating destructive power.,2,,,,9,0,0,0,0,0,0,0,0,0,0,0,0,0,0,0,0,0,0,0,,,12,0,
Subweapon,,Grenade,Explodes for fire damage one second after the pin is pulled.,2,,,,10,0,0,0,0,0,0,0,0,0,0,0,0,0,0,0,0,0,0,0,,,12,0,
Subweapon,,Javelin,Throw spears.,3,,,,12,0,0,0,0,0,0,0,0,0,0,0,0,0,0,0,0,0,0,0,,,10,0,
Subweapon,,Hymn,Sing a sacred melody that wards off evil.,1,,,,12,0,0,0,0,0,0,0,0,0,0,0,0,0,0,0,0,0,0,0,,,10,0,
Subweapon,,Zhu Que,Summon the Vermilion Bird and launch it upward.,1,,,,11,0,0,0,0,0,0,0,0,0,0,0,0,0,0,0,0,0,0,0,,,10,0,
Subweapon,,Qing Long,Summon the Azure Dragon and launch it toward foes.,1,,,,10,0,0,0,0,0,0,0,0,0,0,0,0,0,0,0,0,0,0,0,,,10,0,
Subweapon,,Bai Hu,Summon the White Tiger and let it run free.,1,,,,9,0,0,0,0,0,0,0,0,0,0,0,0,0,0,0,0,0,0,0,,,10,0,
Subweapon,,Hexplosives,Launch explosives along the ground.,1,,,,12,0,0,0,0,0,0,0,0,0,0,0,0,0,0,0,0,0,0,0,,,10,0,
Subweapon,,Throwing Star,Attack enemies from afar.,1,,,,8,0,0,0,0,0,0,0,0,0,0,0,0,0,0,0,0,0,0,0,,,10,0,
Subweapon,,War Drum,Attack enemies from afar.,1,,,,11,0,0,0,0,0,0,0,0,0,0,0,0,0,0,0,0,0,0,0,,,10,0,
Bullet Soul,,Astarte,Create a triangular field of destruction.,5,,,,9,0,0,0,0,0,0,0,0,0,0,0,0,0,0,0,0,0,0,0,lightning,,15,0,
Bullet Soul,,Gergoth,Fire devastating laser beams,3,,,,7,0,0,0,0,0,0,0,0,0,0,0,0,0,0,0,0,0,0,0,holy,,,,
Bullet Soul,,Dracula,Launch a torrent of magical power.,5,,,,12,0,0,0,0,0,0,0,0,0,0,0,0,0,0,0,0,0,0,0,,,15,0,
Bullet Soul,,Puppet Master,Throw a puppet and switch places with it.,2,,,,0,0,0,0,0,0,0,0,0,0,0,0,0,0,0,0,0,0,0,0,,,10,0,
Bullet Soul,,Legion,Fire a beam at enemies.,3,,,,13,0,0,0,0,0,0,0,0,0,0,0,0,0,0,0,0,0,0,0,,,20,0,
Bullet Soul,,Sea Demon,Produce columns of Ice.,2,,,,13,0,0,0,0,0,0,0,0,0,0,0,0,0,0,0,0,0,0,0,,,20,0,
Bullet Soul,,Axe Knight,Throw an axe.,1,,,,8,0,0,0,0,0,0,0,0,0,0,0,0,0,0,0,0,0,0,0,,,12,0,
Bullet Soul,,Amalaric Sniper,Summon an archer to support you.,1,,,,14,0,0,0,0,0,0,0,0,0,0,0,0,0,0,0,0,0,0,0,,,12,0,
Bullet Soul,,Spittle Bone,Spew fire while spinning around.,1,,,,5,0,0,0,0,0,0,0,0,0,0,0,0,0,0,0,0,0,0,0,,,12,0,
Bullet Soul,,Une,Plant an Une in the ground.,1,,,,4,0,0,0,0,0,0,0,0,0,0,0,0,0,0,0,0,0,0,0,,,5,0,
Bullet Soul,,Malachi,Summon a dark sphere that spews magical energy.,2,,,,12,0,0,0,0,0,0,0,0,0,0,0,0,0,0,0,0,0,0,0,,,20,0,
Bullet Soul,,Glasya Labolas,Generate poisonous bubbles.,1,,,,4,0,0,0,0,0,0,0,0,0,0,0,0,0,0,0,0,0,0,0,,,15,0,
Bullet Soul,,Gurkha Master,Throw Gurkha knives.,1,,,,9,0,0,0,0,0,0,0,0,0,0,0,0,0,0,0,0,0,0,0,,,15,0,
Bullet Soul,,Yorick,Kick a skull like a ball.,2,,,,4,0,0,0,0,0,0,0,0,0,0,0,0,0,0,0,0,0,0,0,,,10,0,
Bullet Soul,,Thunder Demon,Generate orbs of lightning.,1,,,,8,0,0,0,0,0,0,0,0,0,0,0,0,0,0,0,0,0,0,0,,,15,0,
Bullet Soul,,Man-eating Plant,Send pollen flying.,1,,,,5,0,0,0,0,0,0,0,0,0,0,0,0,0,0,0,0,0,0,0,,,15,0,
Bullet Soul,,Skeleton,Throw bones.,1,,,,6,0,0,0,0,0,0,0,0,0,0,0,0,0,0,0,0,0,0,0,,,12,0,
Bullet Soul,,Skeleton Gunman,Fire bullets from your finger.,1,,,,9,0,0,0,0,0,0,0,0,0,0,0,0,0,0,0,0,0,0,0,,,8,0,
Bullet Soul,,Nova Skeleton,Fire a beam at enemies.,3,,,,7,0,0,0,0,0,0,0,0,0,0,0,0,0,0,0,0,0,0,0,,,15,0,
Bullet Soul,,Specter,Throw lanterns.,2,,,,11,0,0,0,0,0,0,0,0,0,0,0,0,0,0,0,0,0,0,0,fire,,10,0,
Bullet Soul,,Cave Troll,Attack with a tongue lashing.,1,,,,9,0,0,0,0,0,0,0,0,0,0,0,0,0,0,0,0,0,0,0,,,10,0,
Bullet Soul,,Disc Armor,Hurl a sharp-edged circular blade.,1,,,,7,0,0,0,0,0,0,0,0,0,0,0,0,0,0,0,0,0,0,0,,,15,0,
Bullet Soul,,Fleaman,Summon a Fleaman,1,,,,4,0,0,0,0,0,0,0,0,0,0,0,0,0,0,0,0,0,0,0,,,12,0,
Bullet Soul,,Harpy,Shoot razer-sharp feathers.,1,,,,9,0,0,0,0,0,0,0,0,0,0,0,0,0,0,0,0,0,0,0,,,10,0,
Bullet Soul,,Merman,Shoot a stream of water.,1,,,,4,0,0,0,0,0,0,0,0,0,0,0,0,0,0,0,0,0,0,0,,,15,0,
Bullet Soul,,Fire Demon,Shoot devastating fireballs.,2,,,,16,0,0,0,0,0,0,0,0,0,0,0,0,0,0,0,0,0,0,0,,,15,0,
Bullet Soul,,Frozen Shade,Shoot pillars of ice.,2,,,,6,0,0,0,0,0,0,0,0,0,0,0,0,0,0,0,0,0,0,0,ice,,15,0,
Bullet Soul,,Mummy,Extend bandage arms.,3,,,,13,0,0,0,0,0,0,0,0,0,0,0,0,0,0,0,0,0,0,0,,,12,0,
Bullet Soul,,Moldy Corpse,Fling poisonous spores.,1,,,,7,0,0,0,0,0,0,0,0,0,0,0,0,0,0,0,0,0,0,0,poison,,12,0,
Bullet Soul,,Lerajie,Fire magical bullets that ricochet.,3,,,,6,0,0,0,0,0,0,0,0,0,0,0,0,0,0,0,0,0,0,0,,,15,0,
Bullet Soul,,Witch,Manipulate magical energy and launch it at enemies.,3,,,,12,0,0,0,0,0,0,0,0,0,0,0,0,0,0,0,0,0,0,0,,,12,0,
Bullet Soul,,Dullahan,Unleash a vengeful spirit.,3,,,,12,0,0,0,0,0,0,0,0,0,0,0,0,0,0,0,0,0,0,0,,,15,0,
Bullet Soul,,Ukoback,Set fires.,3,,,,6,0,0,0,0,0,0,0,0,0,0,0,0,0,0,0,0,0,0,0,fire,,5,0,
Bullet Soul,,Fish Head,Throw Fish Head's head.,3,,,,11,0,0,0,0,0,0,0,0,0,0,0,0,0,0,0,0,0,0,0,,,10,0,
Bullet Soul,,Killer Fish,Launch torpedoes in water.,3,,,,20,0,0,0,0,0,0,0,0,0,0,0,0,0,0,0,0,0,0,0,,,5,0,
Bullet Soul,,Beelzebub,Summon flies from hell,1,,,,8,0,0,0,0,0,0,0,0,0,0,0,0,0,0,0,0,0,0,0,,,15,0,
Bullet Soul,,Slogra,Throw spears.,3,,,,11,0,0,0,0,0,0,0,0,0,0,0,0,0,0,0,0,0,0,0,,,10,0,
Bullet Soul,,Warg,Use fangs to tear at foes.,3,,,,17,0,0,0,0,0,0,0,0,0,0,0,0,0,0,0,0,0,0,0,,,12,0,
Bullet Soul,,R. Axe-Man,Throw axes.,3,,,,10,0,0,0,0,0,0,0,0,0,0,0,0,0,0,0,0,0,0,0,,,12,0,
Bullet Soul,,R. Black Knight,Throw spears.,3,,,,8,0,0,0,0,0,0,0,0,0,0,0,0,0,0,0,0,0,0,0,,,12,0,
Bullet Soul,,R. Skeleton,Throw bones.,3,,,,9,0,0,0,0,0,0,0,0,0,0,0,0,0,0,0,0,0,0,0,,,10,0,
Bullet Soul,,R. Zombie,Summon an 8-bit zombie.,3,,,,6,0,0,0,0,0,0,0,0,0,0,0,0,0,0,0,0,0,0,0,,,8,0,
Bullet Soul,,R. The Count,Summon an 8-bit Dracula.,3,,,,16,0,0,0,0,0,0,0,0,0,0,0,0,0,0,0,0,0,0,0,,,15,0,
Bullet Soul,,R. Mummy Man,Summon an 8-bit Mummy Man.,3,,,,10,0,0,0,0,0,0,0,0,0,0,0,0,0,0,0,0,0,0,0,,,12,0,
Bullet Soul,,R. Queen Medusa,Summon an 8-bit Queen Medusa.,1,,,,10,0,0,0,0,0,0,0,0,0,0,0,0,0,0,0,0,0,0,0,,,12,0,
Bullet Soul,,R. Fish Man,Summon an 8-bit fish man.,3,,,,6,0,0,0,0,0,0,0,0,0,0,0,0,0,0,0,0,0,0,0,,,12,0,
Bullet Soul,,R. Phantom Bat,Summon an 8-bit Phantom Bat.,1,,,,12,0,0,0,0,0,0,0,0,0,0,0,0,0,0,0,0,0,0,0,,,12,0,
Bullet Soul,,R. Eagle,Summon an 8-bit eagle.,1,,,,8,0,0,0,0,0,0,0,0,0,0,0,0,0,0,0,0,0,0,0,,,12,0,
Bullet Soul,,R. Black Leopard,Summon an 8-bit black leopard.,1,,,,12,0,0,0,0,0,0,0,0,0,0,0,0,0,0,0,0,0,0,0,,,8,0,
Bullet Soul,,R. Hunchback,Summon an 8-bit hunchback.,1,,,,6,0,0,0,0,0,0,0,0,0,0,0,0,0,0,0,0,0,0,0,,,10,0,
Bullet Soul,,Kung Fugu,Fire a Kung Fugu's energy balls.,3,,,,9,0,0,0,0,0,0,0,0,0,0,0,0,0,0,0,0,0,0,0,,,6,0,
Bullet Soul,,Flying Flower,Summon a Flying Flower.,1,,,,8,0,0,0,0,0,0,0,0,0,0,0,0,0,0,0,0,0,0,0,,,10,0,
Bullet Soul,,Hellmont,Summon a Hellmont.,3,,,,8,0,0,0,0,0,0,0,0,0,0,0,0,0,0,0,0,0,0,0,,,12,0,
Bullet Soul,,Pejora's Mask,Summon a Pejora's Mask.,3,,,,8,0,0,0,0,0,0,0,0,0,0,0,0,0,0,0,0,0,0,0,,,12,0,
Bullet Soul,,Peepilliary,Summon a Peepilliary.,3,,,,9,0,0,0,0,0,0,0,0,0,0,0,0,0,0,0,0,0,0,0,,,12,0,
Bullet Soul,,Gyropyre,Summon a Gyropyre.,3,,,,8,0,0,0,0,0,0,0,0,0,0,0,0,0,0,0,0,0,0,0,,,12,0,
Bullet Soul,,Decapiclops,Summon a Decapiclops.,1,,,,12,0,0,0,0,0,0,0,0,0,0,0,0,0,0,0,0,0,0,0,,,12,0,
Bullet Soul,,Oxocutioner,Wield a Oxocutioner's swords.,1,,,,7,0,0,0,0,0,0,0,0,0,0,0,0,0,0,0,0,0,0,0,,,12,0,
Bullet Soul,,Chimyriad,Summon a Chimyriad.,3,,,,12,0,0,0,0,0,0,0,0,0,0,0,0,0,0,0,0,0,0,0,,,12,0,
Bullet Soul,,Ryukotsuki,Strike with the arm of Ryukotsuki.,1,,,,23,0,0,0,0,0,0,0,0,0,0,0,0,0,0,0,0,0,0,0,,,15,0,
Dark Magic,,Dark Metamorphosis,Recover HP when you come in contact with blood.,2,,,,0,0,0,0,0,0,0,0,0,0,0,0,0,0,0,0,0,0,0,0,,,,,
Dark Magic,,Summon Spirit,Call forth a fierce spirit.,2,,,,5,0,0,0,0,0,0,0,0,0,0,0,0,0,0,0,0,0,0,0,,,,,
Dark Magic,hellfire-alucard,Hellfire,Perform fire attacks.,1,,,,8,0,0,0,0,0,0,0,0,0,0,0,0,0,0,0,0,0,0,0,,,,,
Dark Magic,,Tetra Spirit,Call forth four spirits at once.,3,,,,5,0,0,0,0,0,0,0,0,0,0,0,0,0,0,0,0,0,0,0,,,30,0,
Dark Magic,,Soul Steal,Steal HP from nearby foes.,1,,,,9,0,0,0,0,0,0,0,0,0,0,0,0,0,0,0,0,0,0,0,,,,,
Bound Spell,,Summon Skeleton,Summon a Skeleton to use in Battle.,1,,,,8,0,0,0,0,0,0,0,0,0,0,0,0,0,0,0,0,0,0,0,,,12,0,
Bound Spell,,Fireball,Launch fireballs.,2,,,,7,0,0,0,0,0,0,0,0,0,0,0,0,0,0,0,0,0,0,0,,,10,0,
Bound Spell,,Raging Fire,Fire a burst of flames.,3,,,,6,0,0,0,0,0,0,0,0,0,0,0,0,0,0,0,0,0,0,0,,,10,0,
Bound Spell,,Splash Needle,Shoots streams of compressed water.,3,,,,4,0,0,0,0,0,0,0,0,0,0,0,0,0,0,0,0,0,0,0,,,15,0,
Bound Spell,,Sickle Moon,Launch a vacuum blade at foes.,1,,,,11,0,0,0,0,0,0,0,0,0,0,0,0,0,0,0,0,0,0,0,,,10,0,
Bound Spell,,Poison Spores,Scatter poisonous Spores.,2,,,,7,0,0,0,0,0,0,0,0,0,0,0,0,0,0,0,0,0,0,0,,,12,0,
Bound Spell,,Acidic Bubbles,Create poisonous bubbles.,4,,,,4,0,0,0,0,0,0,0,0,0,0,0,0,0,0,0,0,0,0,0,,,15,0,
Bound Spell,,Demonseed,Summon forth malignant pollen.,4,,,,5,0,0,0,0,0,0,0,0,0,0,0,0,0,0,0,0,0,0,0,,,15,0,
Bound Spell,,Ice Needle,Launch cutting shards of ice.,4,,,,6,0,0,0,0,0,0,0,0,0,0,0,0,0,0,0,0,0,0,0,,,15,0,
Bound Spell,,Flame Shot,Attack with the fire of hell.,3,,,,16,0,0,0,0,0,0,0,0,0,0,0,0,0,0,0,0,0,0,0,,,15,0,
Bound Spell,,Heal,Recovery magic that restores HP.,1,,,,30,0,0,0,0,0,0,0,0,0,0,0,0,0,0,0,0,0,0,0,,,50,0,
Bound Spell,,Energy Flow,Manipulate magical energy and launch it at enemies.,3,,,,12,0,0,0,0,0,0,0,0,0,0,0,0,0,0,0,0,0,0,0,,,12,0,
Bound Spell,,Ghost Chaser,Unleash a vengeful spirit.,3,,,,12,0,0,0,0,0,0,0,0,0,0,0,0,0,0,0,0,0,0,0,,,15,0,
Bound Spell,,Featherblades,Shoot razor-sharp feathers.,1,,,,9,0,0,0,0,0,0,0,0,0,0,0,0,0,0,0,0,0,0,0,,,10,0,
Bound Spell,,Ice Fang,"Summon a sharp, fang-like pillar of ice.",3,,,,16,0,0,0,0,0,0,0,0,0,0,0,0,0,0,0,0,0,0,0,,,12,0,
Bound Spell,,Nightmare,A concentrated mass of fear and agony born from the darkness.,3,,,,12,0,0,0,0,0,0,0,0,0,0,0,0,0,0,0,0,0,0,0,,,20,0,
Bound Spell,,Summon Gunman,Summon a Skeleton Gunman to use in Battle.,3,,,,9,0,0,0,0,0,0,0,0,0,0,0,0,0,0,0,0,0,0,0,,,12,0,
Bound Spell,,Piercing Beam,Fire a beam at enemies.,4,,,,8,0,0,0,0,0,0,0,0,0,0,0,0,0,0,0,0,0,0,0,,,15,0,
Bound Spell,,Deathscythe,Summon the Grim Reaper's scythe.,5,,,,6,0,0,0,0,0,0,0,0,0,0,0,0,0,0,0,0,0,0,0,,,25,0,
Bound Spell,,Thunderbolt,Generate orbs of lightning.,3,,,,8,0,0,0,0,0,0,0,0,0,0,0,0,0,0,0,0,0,0,0,,,15,0,
Bound Spell,hellfire-charlotte,Hellfire,Shoot three flames at once.,4,,,,8,0,0,0,0,0,0,0,0,0,0,0,0,0,0,0,0,0,0,0,,,12,0,
Bound Spell,,Dark Inferno,Launch a torrent of magical power.,4,,,,12,0,0,0,0,0,0,0,0,0,0,0,0,0,0,0,0,0,0,0,,,15,0,
Bound Spell,,Delta Spark,Create a triangular field of destruction.,3,,,,9,0,0,0,0,0,0,0,0,0,0,0,0,0,0,0,0,0,0,0,,,15,0,
Bound Spell,,R. Fireball,Flames once spat by an ancient creature.,1,,,,6,0,0,0,0,0,0,0,0,0,0,0,0,0,0,0,0,0,0,0,,,12,0,
Bound Spell,,R. Deathscythe,A scythe used by the Grim Reaper in ancient times.,2,,,,9,0,0,0,0,0,0,0,0,0,0,0,0,0,0,0,0,0,0,0,,,20,0,
Bound Spell,,R. Summon Skeleton,Throw bones of an ancient skeleton.,1,,,,10,0,0,0,0,0,0,0,0,0,0,0,0,0,0,0,0,0,0,0,,,10,0,
Magic Spell,,Blue Splash,Generate blades of ice.,3,1,,,9,0,0,0,0,0,0,0,0,0,0,0,0,0,0,0,0,0,0,0,,,12,,
Magic Spell,,Holy Flame,Blast enemies with fire.,3,1,,,10,0,0,0,0,0,0,0,0,0,0,0,0,0,0,0,0,0,0,0,,,8,,
Magic Spell,,Holy Lightning,Create orbs of lightning that pursue foes.,3,1,,,8,0,0,0,0,0,0,0,0,0,0,0,0,0,0,0,0,0,0,0,,,15,,
Glyph Spell,,Ignis,Call forth raging flames.,1,1,,,6,0,0,0,0,0,0,0,0,0,0,0,0,0,0,0,0,0,0,0,fire,,,,
Glyph Spell,,Grando,Call forth freezing ice.,1,,,,12,0,0,0,0,0,0,0,0,0,0,0,0,0,0,0,0,0,0,0,ice,,,,
Glyph Spell,,Fulgur,Call forth shocking electricity.,2,,,,5,0,0,0,0,0,0,0,0,0,0,0,0,0,0,0,0,0,0,0,,,15,0,
Glyph Spell,,Nitesco,Concentrate magic into a destructive beam.,3,,,,8,0,0,0,0,0,0,0,0,0,0,0,0,0,0,0,0,0,0,0,,,,,
Glyph Spell,,Globus,Unleash an energy sphere.,1,,,,0,0,0,0,0,0,0,0,0,0,0,0,0,0,0,0,0,0,0,0,strike,,,,
Glyph Spell,,Acerbatus,Calls forth the power of spite.,1,,,,0,0,0,0,0,0,0,0,0,0,0,0,0,0,0,0,0,0,0,0,lightning,darkness,,,
Glyph Spell,,Luminato,Creates a ball of light that tracks enemies.,1,,,,0,0,0,0,0,0,0,0,0,0,0,0,0,0,0,0,0,0,0,0,holy,,,,
Personal Action,,Guardian Soul,"Once you have a Guardian Soul equipped, you may use it with a press of the Personal Skill button.",1,,,,0,0,0,0,0,0,0,0,0,0,0,0,0,0,0,0,0,0,0,0,,,,,
Personal Action,,Mist Form,,1,,,,0,0,0,0,0,0,0,0,0,0,0,0,0,0,0,0,0,0,0,0,,,,,
Personal Action,,Bound Spells,"Magic acquired by locking projectiles and other enemy spells within the pages of the Book of Binding. If you succeed, the magic becomes your own.",1,,,,0,0,0,0,0,0,0,0,0,0,0,0,0,0,0,0,0,0,0,0,,,,,
Personal Action,,Magnes,Create an attractive magnetic field.,1,,,,0,0,0,0,0,0,0,0,0,0,0,0,0,0,0,0,0,0,0,0,,,,,
Personal Action,,Xuan Wu,Summon the Black Tortoise to protect you.,1,,,,0,0,0,0,0,0,0,0,0,0,0,0,0,0,0,0,0,0,0,0,,,,,
Personal Action,,Swing Whip,Summon the Black Tortoise to protect you.,1,,,,0,0,0,0,0,0,0,0,0,0,0,0,0,0,0,0,0,0,0,0,,,,,
Personal Action,,Guard,Assume a stance that boosts your defense.,1,,,,0,0,0,0,0,0,0,0,0,0,0,0,0,0,0,0,0,0,0,0,,,,,
Guardian Soul,,Death,Summon the Grim Reaper's scythe to attack enemies.,4,,,,6,0,0,0,0,0,0,0,0,0,0,0,0,0,0,0,0,0,0,0,,,3,0,
Guardian Soul,,Brauner,Draw swaths in the air with cursed paint.,3,,,,5,0,0,0,0,0,0,0,0,0,0,0,0,0,0,0,0,0,0,0,,,2,0,
Guardian Soul,,Ghost,Summon a Ghost as a familiar.,2,,,,4,0,0,0,0,0,0,0,0,0,0,0,0,0,0,0,0,0,0,0,,,2,0,
Guardian Soul,,Bat,Summon a Bat as a familiar.,2,,,,4,0,0,0,0,0,0,0,0,0,0,0,0,0,0,0,0,0,0,0,,,2,0,
Guardian Soul,,Final Guard,Gain iron-clad defense.,4,,,,0,0,0,0,0,0,0,0,0,0,0,0,0,0,0,0,0,0,0,0,,,20,0,
Guardian Soul,,Buer,Wear a cloak of tumbling fire.,3,,,,4,0,0,0,0,0,0,0,0,0,0,0,0,0,0,0,0,0,0,0,,,2,0,
Guardian Soul,,Persephone,"Enable ""Magic Vacuum"" to consume enemy HP.",1,,,,3,0,0,0,0,0,0,0,0,0,0,0,0,0,0,0,0,0,0,0,,,3,0,
Guardian Soul,,White Dragon,Summon a White Dragon.,1,,,,6,0,0,0,0,0,0,0,0,0,0,0,0,0,0,0,0,0,0,0,,,2,0,
Guardian Soul,,Medusa Head,Gain the ability to hover in one location,3,,,,0,0,0,0,0,0,0,0,0,0,0,0,0,0,0,0,0,0,0,0,,,,,
Guardian Soul,,Gaibon,Summon Gaibon as a familiar.,1,,,,8,0,0,0,0,0,0,0,0,0,0,0,0,0,0,0,0,0,0,0,,,2,0,
Guardian Soul,,R. Raven,Summon an 8-bit raven as a familiar.,1,,,,2,0,0,0,0,0,0,0,0,0,0,0,0,0,0,0,0,0,0,0,,,6,0,
Guardian Soul,,R. Vampire Bat,Summon an 8-bit bat as a familiar.,1,,,,2,0,0,0,0,0,0,0,0,0,0,0,0,0,0,0,0,0,0,0,,,,,
Guardian Soul,,R. Ghost,Summon an 8-bit ghost as a familiar.,1,,,,2,0,0,0,0,0,0,0,0,0,0,0,0,0,0,0,0,0,0,0,,,6,0,
Guardian Soul,,R. Skele-Dragon,Summon an 8-bit skele-dragon as a familiar.,1,,,,2,0,0,0,0,0,0,0,0,0,0,0,0,0,0,0,0,0,0,0,,,8,0,
Guardian Soul,,R. Medusa,Gain the ability to hover in one location,1,,,,0,0,0,0,0,0,0,0,0,0,0,0,0,0,0,0,0,0,0,0,,,8,0,
Guardian Soul,,R. Grim Reaper,,1,,,,7,0,0,0,0,0,0,0,0,0,0,0,0,0,0,0,0,0,0,0,,,3,0,
Enchantment Soul,,Aliorumnas,Increase MND.,2,,,,0,0,0,0,0,0,0,0,0,0,0,0,0,0,0,0,0,0,0,0,,,,,
Enchantment Soul,,Imp,Increase INT.,2,,,,0,0,0,0,0,0,0,0,0,0,0,0,0,0,0,0,0,0,0,0,,,,,
Enchantment Soul,,Ectoplasm,Increase resistance to curses.,3,,,,0,0,0,0,0,0,0,0,0,0,0,0,0,0,0,0,0,0,0,0,,,,,
Enchantment Soul,,Succubus,Absorb HP when attacking.,4,,,,0,0,0,0,0,0,0,0,0,0,0,0,0,0,0,0,0,0,0,0,,,,,
Enchantment Soul,,Zombie,Gain resistance to poison.,3,,,,0,0,0,0,0,0,0,0,0,0,0,0,0,0,0,0,0,0,0,0,,,,,
Enchantment Soul,,Treant,Increase MP Recovery speed.,4,,,,0,0,0,0,0,0,0,0,0,0,0,0,0,0,0,0,0,0,0,0,,,,,
Enchantment Soul,,Peeping Eye,Identify breakable walls.,5,,,,0,0,0,0,0,0,0,0,0,0,0,0,0,0,0,0,0,0,0,0,,,,,
Enchantment Soul,,The Creature,Restore HP gradually.,4,,,,0,0,0,0,0,0,0,0,0,0,0,0,0,0,0,0,0,0,0,0,,,,,
Enchantment Soul,,Bone Pillar,Increase CON.,2,,,,0,0,0,1,0,0,0,0,0,0,0,0,0,0,0,0,0,0,0,0,,,,,
Enchantment Soul,,Minotaur,Increase STR.,2,,,,0,0,1,0,0,0,0,0,0,0,0,0,0,0,0,0,0,0,0,0,,,,,
Enchantment Soul,,Mimic,Gain money when taking damage.,3,,,,0,0,0,0,0,0,0,0,0,0,0,0,0,0,0,0,0,0,0,0,,,,,
Enchantment Soul,,Dead Warrior,Raise LCK.,3,,,,0,0,0,0,0,0,1,0,0,0,0,0,0,0,0,0,0,0,0,0,,,,,
Enchantment Soul,,R. The Creature,Restore HP gradually.,1,,,,0,0,0,0,0,0,0,0,0,0,0,0,0,0,0,0,0,0,0,0,,,,,
Enchantment Soul,,R. Dragon Cannon,Increase CON.,1,,,,0,0,0,2,0,0,0,0,0,0,0,0,0,0,0,0,0,0,0,0,,,,,
Head,,Glasses,Make you look older and wiser.,1,,,125,0,1,0,0,0,0,0,0,0,0,0,0,0,0,0,0,0,0,0,0,,,,,
Head,,Thick Glasses,Pair of glasses with very thick lenses.,1,,,275,0,2,0,0,1,0,0,1,0,0,0,0,0,0,0,0,0,0,0,0,,,,,
Head,,Monocle,A lens for one eye. Favorite among distinguished gentlemen.,1,,,400,0,2,0,1,0,1,0,0,0,0,0,0,0,0,0,0,0,0,0,0,,,,,
Head,,Goggles,Protective eyewear that provides safety.,2,,,500,0,3,0,0,0,0,0,0,0,0,0,0,0,0,0,0,0,0,0,0,,,,,
Head,,Sunglasses,Stylish frames that protect the eyes from ultraviolet rays.,2,,,700,0,2,0,0,0,0,0,0,0,0,0,0,0,0,0,0,0,0,0,0,,,,,
Head,,Gambler Glasses,Enables the wearer to see enemy item drop percentages.,4,,,2500,0,0,0,0,0,0,0,0,0,0,0,0,0,0,0,0,0,0,0,0,,,,,
Head,,Stone Mask,Creepy mask used in ancient rituals.,2,,,500,0,2,0,0,0,0,1,0,0,0,0,0,0,0,0,0,0,0,0,0,,,,,
Head,,Ballroom Masque,Mask worn by nobles at formal dances.,2,,,600,0,3,0,1,0,0,0,0,0,0,0,0,0,0,0,0,0,0,0,0,,,,,
Head,,Skull Mask,Frightening mask designed to resemble a human skull.,2,,,750,0,6,0,-3,0,-3,-3,0,0,0,0,0,0,0,0,0,0,0,-10,0,,,,,
Head,,Crimson Mask,A translucent crimson mask.,3,,,1700,0,6,2,0,0,0,0,3,3,0,0,0,10,0,0,0,0,0,0,0,,,,,
Head,,Valkyrie Mask,Mask that was blessed by a war maiden.,1,,,,1,8,0,0,0,5,0,5,5,0,0,0,0,0,0,0,0,0,0,0,,,,,
Head,,Minerva Mask,Mask that was blessed by a war goddess.,4,,,1700,0,7,0,10,0,0,0,0,5,0,0,0,0,0,0,0,0,0,0,0,,,,,
Head,,Bandana,Piece of cloth to protect forehead.,1,,,250,0,1,0,1,0,0,0,2,0,0,0,0,0,0,0,0,0,0,0,0,,,,,
Head,,Simon's Bandana,Bandana passed down through generations of Belmonts.,4,,,8750,0,11,0,0,0,3,0,10,0,0,0,0,0,0,0,0,0,0,10,10,,,,,
Head,,Leather Hat,Tanned leather hat.,1,,,200,0,2,0,0,0,0,0,2,0,0,0,0,0,0,0,0,0,0,0,0,,,,,
Head,,Velvet Hat,Stylish hat that is soft to the touch.,1,,,250,0,0,3,0,0,0,0,2,0,0,0,0,0,0,0,0,0,0,0,0,,,,,
Head,,Fedora,Fashionable hat that just feels right with a whip.,1,,,250,0,2,0,0,0,0,0,2,0,0,0,0,0,0,0,0,0,0,0,0,,,,,
Head,,Porkpie Hat,Felt hat with a small brim.,2,,,650,0,4,0,0,0,0,0,0,0,0,0,0,0,0,0,0,0,0,0,0,,,,,
Head,,Witch's Hat,Traditional pointed hat of the dark sisterhood.,3,,,1050,0,3,0,2,2,0,0,0,5,0,0,0,0,0,0,0,0,0,0,0,,,,,
Head,,Combat Beret,Standard-issue military beret.,3,,,1300,0,2,2,0,0,0,0,0,0,0,0,0,0,0,0,0,0,0,0,0,,,,,
Head,,Silk Hat,Hat of a true aristocrat.,3,,,1600,0,4,0,0,3,0,0,0,0,0,0,0,0,0,0,0,0,0,0,0,,,,,
Head,,Traveler's Hat,"Wide-brimmed hat, perfect for the well-traveled man.",4,,,2000,0,6,0,2,0,3,0,0,0,0,0,0,0,0,0,0,0,0,0,0,,,,,
Head,,Arachne Hennin,Beautiful hat created by Arachne the weaver.,4,,,5000,0,7,0,2,0,2,2,0,10,0,0,0,0,0,0,0,0,0,0,0,,,,,
Head,,Velvet Ribbon,"A fine ribbon, soft to the touch.",1,,,250,0,1,0,0,0,1,0,0,0,0,0,0,0,0,0,0,0,0,0,0,,,,,
Head,,Steel Helm,Standard adventurer's helm.,1,,,125,0,1,0,0,0,0,0,1,0,0,0,0,0,0,0,0,0,0,0,0,,,,,
Head,,Head Guard,Protects the head from sudden impact.,2,,,800,0,4,0,2,0,0,0,0,0,0,0,0,0,0,0,0,0,0,0,0,,,,,
Head,,Iron Helmet,Simple helm made of the tough metal.,2,,,1000,0,5,0,0,0,0,0,0,0,0,0,0,0,0,-5,0,0,0,0,0,,,,,
Head,,Viking Helmet,Distinct two-horned helm worn by Viking warriors.,3,,,1375,0,4,2,0,0,0,0,5,0,0,0,0,0,0,0,0,0,0,0,0,,,,,
Head,,Shogun Helmet,Helmet worn by the tyrant shogun Nobunaga.,3,,,2000,0,5,3,-5,-5,0,0,0,0,0,0,0,0,0,0,0,0,0,0,0,,,,,
Head,,Attica Helmet,Helmet with a feathered crest.,4,,,,0,7,3,0,0,0,0,8,0,0,0,0,0,0,0,0,0,0,0,0,,,,,
Head,,Samurai Helmet,The traditional helmet of samurai warriors.,4,,,2800,0,8,3,3,0,0,0,3,0,0,0,0,0,0,0,0,0,0,0,0,,,,,
Head,,Dragon Helm,"Frightens enemies, lowers DEF.",4,,,,0,6,0,0,0,0,0,6,0,0,0,0,0,0,0,0,0,0,0,0,,,,,
Head,,Impervious Helm,Occasionally blocks attacks.,1,,,,0,5,0,0,0,0,0,0,0,0,0,0,0,0,0,0,0,0,0,0,,,,,
Head,,Retro Helm,Helm worn by an ancient vampire hunter.,5,,,,0,10,6,0,3,0,5,10,10,0,0,0,0,0,0,0,0,0,0,0,,,,,
Head,,Circlet,Add some style to your brow with a simple metal hoop.,2,,,460,0,2,0,0,0,1,0,0,1,0,0,0,0,0,0,0,0,0,0,0,,,,,
Head,,Clover Tiara,Tiara made of flowers.,2,,,550,0,3,0,0,0,2,0,0,2,0,0,0,0,0,0,0,0,0,0,0,,,,,
Head,,Pearl Tiara,Tiara adorned with pearls.,2,,,825,0,4,0,0,0,0,0,0,3,0,0,0,0,0,0,0,0,0,0,0,,,,,
Head,,Silver Crown,Boosts INT.,3,,,1100,0,3,0,1,3,0,0,0,5,0,0,0,0,0,0,0,0,0,0,0,,,,,
Head,,Diamond Tiara,Tiara encrusted with hard diamonds.,3,,,2500,0,8,0,0,0,0,0,0,8,0,0,0,0,0,0,0,0,0,0,0,,,,,
Head,,Midnight Tiara,Tiara with sparkling jewels set against a black material.,4,,,,0,7,0,10,0,0,0,0,5,0,0,0,0,0,0,0,0,0,0,0,,,,,
Head,,Muse's Tiara,Tiara blessed by a goddess.,4,,,,0,9,0,0,7,0,0,0,15,0,0,0,0,0,0,0,0,0,0,0,,,,,
Head,,Princess Tiara,Tiara covered with brilliant gems.,4,,,3000,0,5,0,0,0,0,7,0,7,0,0,0,0,0,0,0,0,0,0,0,,,,,
Head,,Uraeus,Egyptian royal crown adorned with a golden cobra.,4,,,3000,0,5,0,0,0,0,5,0,0,0,0,0,0,0,0,0,0,0,0,0,,,,,
Head,,Royal Crown,Crown encrusted with precious jewels from all over the world.,5,,,12500,0,10,0,0,5,5,5,15,15,0,0,0,0,0,0,0,0,0,0,0,,,,,
Head,,Nun's Habit,Head covering worn by devout sisters.,2,,,950,0,3,0,0,0,3,0,0,3,0,0,0,0,0,0,0,0,0,0,0,,,,,
Head,,Mourning Veil,A black veil of sadness.,3,,,1275,0,3,0,2,0,2,0,0,0,0,0,0,0,0,0,0,0,0,0,0,,,,,
Head,,Open Veil,Head covering that frames the face.,3,,,2000,0,4,3,3,0,0,0,0,3,0,0,0,0,0,0,0,0,0,0,0,,,,,
Head,,Holy Veil,Veil imbued with hidden power.,4,,,,0,5,0,0,10,0,0,0,3,0,0,0,0,0,0,0,0,0,0,0,,,,,
Head,,Fuma's Helm,,1,,,,0,10,6,0,6,0,0,0,0,0,0,0,0,0,0,0,0,0,0,0,,,,,
Chest,,Hobo's Clothes,"Ragged, worn clothes. Your mother would be ashamed.",1,,,75,0,2,0,0,0,0,0,0,0,0,0,0,0,0,0,0,0,0,0,0,,,,,
Chest,,Cloth Tunic,Simple garment made of cloth.,1,,,100,0,1,0,0,0,0,0,0,0,0,0,0,0,0,0,0,0,0,0,0,,,,,
Chest,,Casual Clothes,Clothes worn regularly.,1,,,100,0,1,0,0,0,0,0,0,0,0,0,0,0,0,0,0,0,0,0,0,,,,,
Chest,,Gym Clothes,Athletic training suit.,1,,,600,0,3,1,0,0,0,0,1,0,0,0,0,0,0,0,0,0,0,0,0,,,,,
Chest,,Poncho,Simple piece of clothing: A blanket with a hole on top.,2,,,950,0,6,0,1,0,0,0,0,0,0,0,0,0,0,0,0,0,0,0,0,,,,,
Chest,,Dancer's Blouse,Light blouse favored by dancers.,2,,,1325,0,8,0,0,0,0,1,0,0,0,0,0,0,0,0,0,0,0,0,0,,,,,
Chest,,Ninja Suit,Ninja's combat outfit.,2,,,1625,0,10,0,1,0,1,0,2,0,0,0,0,0,0,0,0,0,0,0,0,,,,,
Chest,,Pitch Black Suit,Suit the color of inky darkness.,2,,,1650,0,0,0,0,0,0,0,0,0,0,0,0,0,0,0,0,0,10,0,0,,,,,
Chest,,War Fatigues,Sturdy clothes made for military use.,2,,,2075,0,10,0,0,2,0,0,3,0,0,0,0,0,0,0,0,0,0,0,0,,,,,
Chest,,Silk Negligee,Silk garment designed for comfortable sleeping.,3,,,2750,0,11,0,0,3,3,0,0,0,0,0,0,0,0,0,0,0,0,0,0,,,,,
Chest,,Kung Fu Suit,Looks like it can make you stronger.,3,,,2950,0,12,1,0,0,0,0,5,0,0,0,0,0,0,0,0,0,0,0,0,,,,,
Chest,,Frilly Camisole,Camisole with cute frills.,3,,,3250,0,14,0,0,0,5,0,0,0,0,0,0,0,0,0,0,0,0,0,0,,,,,
Chest,,Clown Shirt,Cheerful-yet-horrifying shirt.,3,,,3325,0,14,0,0,0,0,3,0,0,0,0,0,0,0,0,0,0,0,0,0,,,,,
Chest,,Olrox's Suit,Suit favored by Count Olrox.,3,,,,0,11,0,4,0,4,0,0,0,0,0,0,0,0,0,0,0,0,0,0,,,,,
Chest,,Dalmatica,"Garment with wide sleeves, worn by religious orders.",4,,,4000,0,15,0,5,0,0,0,0,8,0,0,0,0,0,0,0,0,0,0,0,,,,,
Chest,,God's Gab,Boosts all resistances.,4,,,8750,0,23,0,5,0,5,0,10,10,8,8,8,8,8,8,8,8,8,8,8,,,,,
Chest,,Three 7s,Clothes that bring good luck.,4,,,,0,7,0,0,0,0,7,0,0,0,0,0,0,0,0,0,0,0,0,0,,,,,
Chest,,Feather Gear,Magical clothes that extend the distance you fall back when hit.,5,,,10500,0,23,0,0,0,0,0,0,0,15,15,15,15,15,15,0,15,15,0,0,,,,,
Chest,,Dracula's Tunic,Garment imbued with Dracula's dark power.,5,,,,0,26,6,6,6,6,0,0,0,0,0,0,13,13,13,0,-13,13,0,0,,,,,
Chest,,Tailcoat,"Just an everyday coat. Stylish, but offers little protection.",1,,,125,0,1,0,0,0,0,0,0,0,0,0,0,0,0,0,0,0,0,0,0,,,,,
Chest,,Cotton Apron,The maid who owned this obviously quit a long time ago.,1,,,200,0,3,0,0,0,0,0,0,1,0,0,0,0,0,0,0,0,0,0,0,,,,,
Chest,,Justaucorps,Extravagantly decorated 17th century coat.,2,,,1000,0,6,0,0,0,1,0,2,0,0,0,0,0,0,0,0,0,0,0,0,,,,,
Chest,,Army Jacket,Woven with a special fabric that resists cuts.,2,,,1500,0,8,0,0,0,0,0,0,0,0,15,0,0,0,0,0,0,0,0,0,,,,,
Chest,,Surcoat,A garment bearing a noble family crest.,2,,,1550,0,9,0,0,0,0,0,3,2,0,0,0,0,0,0,0,0,0,0,0,,,,,
Chest,,Biker's Jacket,Jacket with protective padding.,2,,,2300,0,11,2,0,2,0,0,3,0,0,0,0,0,0,0,0,0,0,0,0,,,,,
Chest,,Tuxedo Coat,The finest of formalwear in classic black (of course).,3,,,3100,0,13,0,0,0,0,2,0,0,0,0,0,0,0,0,0,0,0,0,0,,,,,
Chest,,Princess Coat,"Coat with an ornate, feminine cut.",4,,,5500,0,18,0,0,0,0,10,0,5,0,0,0,0,0,0,0,0,0,0,0,,,,,
Chest,,Houppelande,"Roomy robe with large, hanging sleeves.",1,,,575,0,5,0,0,0,0,0,0,0,0,0,0,0,0,0,0,0,0,0,0,,,,,
Chest,,Silk Robe,Robe made of woven silk.,2,,,1950,0,10,0,0,0,3,0,0,2,0,0,0,0,0,0,0,0,0,0,0,,,,,
Chest,,Nun's Robes,Outfit worn by women of the cloth.,2,,,1950,0,10,0,0,0,3,0,0,2,0,0,0,0,0,0,0,0,5,5,0,,,,,
Chest,,Bathrobe,"A soft, Luxurious terrycloth robe.",3,,,2250,0,10,0,0,0,0,2,0,0,0,0,0,0,5,0,0,0,0,0,0,,,,,
Chest,,Mage Robe,Robe worn by mages.,3,,,2450,0,9,0,0,2,2,0,0,3,0,0,0,0,0,0,0,0,0,0,0,,,,,
Chest,,Elfin Robe,Garment woven by elves.,3,,,2775,0,10,0,2,2,2,0,0,2,0,0,0,5,5,0,0,0,0,0,0,,,,,
Chest,,Kalasiris,Translucent robe worm by ancient Egyptian nobility.,4,,,3650,0,14,0,0,1,1,1,0,0,0,0,0,0,0,0,0,0,0,0,0,,,,,
Chest,,Aquarius,Water-resistant robe imbued with elemental power.,4,,,5000,0,17,0,0,0,0,0,0,5,0,0,0,0,30,0,0,0,0,0,0,,,,,
Chest,,Wyrm Robe,Fire-resistant robes made from the hide of a wyrm.,4,,,5000,0,17,0,0,0,0,0,0,5,0,0,0,30,0,0,0,0,0,0,0,,,,,
Chest,,Serenity Robe,Blessed frock that calms the spirit.,4,,,5000,0,18,0,5,0,0,5,0,7,0,0,0,8,8,8,0,0,0,0,0,,,,,
Chest,,Death's Robe,Raiment once worn by Death.,5,,,11000,0,26,4,4,4,4,4,0,44,0,0,0,0,0,0,13,-13,13,13,13,,,,,
Chest,,Cotehardie,"Tight, form-fitting dress for the well-dressed lady.",1,,,200,0,2,0,0,0,1,0,0,1,0,0,0,0,0,0,0,0,0,0,0,,,,,
Chest,,Kirtle,"A plain, long dress.",1,,,,0,2,0,1,0,0,0,0,0,0,0,0,0,0,0,0,0,0,0,0,,,,,
Chest,,Sequined Dress,Dress covered with glittering sequins.,3,,,3050,0,13,0,0,0,0,0,5,0,0,0,0,0,0,0,0,0,0,0,0,,,,,
Chest,,Cocktail Dress,The Perfect dress for an elegant night on the town.,3,,,3500,0,14,0,5,0,0,0,3,0,0,0,0,0,0,0,0,0,0,0,0,,,,,
Chest,,Wedding Dress,A pure-white bridal dress.,3,,,4000,0,15,3,0,0,0,0,10,0,0,0,0,0,0,0,0,0,0,0,0,,,,,
Chest,,Miko Dress,Clothes worn by Shinto priestesses.,4,,,4000,0,15,0,0,0,10,0,0,6,0,0,0,0,0,0,0,0,0,0,0,,,,,
Chest,,Europa's Dress,A beautiful one-piece dress blessed by a goddess.,4,,,8950,0,21,3,3,3,3,3,10,10,0,0,0,0,0,0,0,0,0,0,0,,,,,
Chest,,Robe Decolette,Elegant dress for the most formal of events.,5,,,12500,0,25,3,8,4,8,0,20,20,0,0,0,10,10,10,15,10,10,15,15,,,,,
Chest,,Sapphire Corset,Elaborate corset decorated with Sapphires.,2,,,2125,0,10,0,0,0,0,0,0,0,0,0,0,0,0,0,0,0,0,0,0,,,,,
Chest,,Lilith Corset,Corset worn by the enchanting demon.,3,,,2825,0,13,0,0,3,0,0,0,2,0,0,0,0,0,0,5,0,0,5,5,,,,,
Chest,,Leather Plate,Breastplate made of tanned leather.,1,,,250,0,3,0,0,0,0,0,0,0,0,0,0,0,0,0,0,0,0,0,0,,,,,
Chest,,Copper Plate,Breastplate made of burnished copper.,1,,,500,0,4,0,0,0,0,0,0,0,0,0,0,0,0,0,0,0,0,0,0,,,,,
Chest,,Iron Plate,Standard breastplate made of iron.,2,,,750,0,6,0,0,0,0,0,0,0,0,0,0,0,0,-25,0,0,0,0,0,,,,,
Chest,,Scale Mail,Mail suit with scale-like plates sewn on.,2,,,1075,0,7,0,0,0,0,0,0,0,0,0,0,0,0,0,0,0,0,0,0,,,,,
Chest,,Steel Plate,Breastplate made of quality steel.,2,,,1700,0,12,0,0,0,0,0,0,0,0,0,0,0,0,-20,0,0,0,0,0,,,,,
Chest,,Chain Mail,Mail made up of mesh of metal links.,2,,,2000,0,10,0,0,0,0,0,0,0,0,10,-10,0,0,0,0,0,0,0,0,,,,,
Chest,,Breastplate,An apron fashioned from Iron.,2,,,2100,0,11,0,0,0,0,0,0,0,0,0,10,0,0,0,0,0,0,0,0,,,,,
Chest,,Fury Plate,Boosts DEF when you take damage.,2,,,2250,0,8,0,0,0,0,0,0,0,0,0,0,0,0,0,0,0,0,0,0,,,,,
Chest,,Ring Mail,Suit with metal rings sewn on.,3,,,2500,0,13,0,0,0,0,0,0,0,5,5,-10,0,0,0,0,0,0,0,0,,,,,
Chest,,Hauberk,Chain mail made for easy movement.,3,,,3000,0,14,0,0,0,0,0,5,0,0,5,-5,0,0,0,0,0,0,0,0,,,,,
Chest,,Cuirass,Torso armor with a rounded profile.,3,,,3450,0,16,0,0,0,0,0,8,0,0,0,10,0,0,0,0,0,0,0,0,,,,,
Chest,,Brilliant Mail,Increases subweapon strength.,3,,,3450,0,15,0,0,4,0,0,0,0,0,0,0,0,0,0,0,0,0,0,0,,,,,
Chest,,Silver Plate,Breastplate made of sterling sliver.,3,,,3550,0,10,0,0,0,0,0,0,0,0,0,0,0,0,0,0,0,0,0,0,,,,,
Chest,,Lightning Mail,Strong against lightning attacks.,3,,,3950,0,16,0,0,0,0,0,0,0,0,0,0,0,0,30,0,0,0,0,0,,,,,
Chest,,Fire Mail,Strong against fire attacks.,3,,,3950,0,16,0,0,0,0,0,0,0,0,0,0,30,0,0,0,0,0,0,0,,,,,
Chest,,Holy Mail,Strong against holy attacks.,3,,,3950,0,16,0,0,0,0,0,0,0,0,0,0,0,0,0,0,30,0,0,0,,,,,
Chest,,Ice Mail,Strong against Ice Attacks.,3,,,3950,0,16,0,0,0,0,0,0,0,0,0,0,0,30,0,0,0,0,0,0,,,,,
Chest,,Crimson Mail,Beautiful suit of armor in translucent red.,3,,,4050,0,15,4,0,0,2,0,10,5,0,0,0,10,0,0,0,0,0,0,0,,,,,
Chest,,Samurai Plate,Traditional body armor worn by samurai warriors.,4,,,,0,16,0,0,3,3,0,12,0,0,0,0,0,0,0,0,0,0,0,0,,,,,
Chest,,Gold Plate,Breastplate covered in real gold.,4,,,4325,0,17,0,0,0,0,0,0,0,0,0,0,0,0,0,0,0,0,0,0,,,,,
Chest,,Mirror Cuirass,Mirrored armor that protects the wearer from petrification.,4,,,,0,17,0,0,0,0,0,8,0,0,0,0,0,0,0,30,0,0,0,0,,,,,
Chest,,Mojo Mail,Increases magic attack power.,4,,,5000,0,18,0,3,3,0,0,0,0,0,0,0,0,0,0,0,0,30,0,0,,,,,
Chest,,Platinum Mail,Platinum breastplate.,4,,,5000,0,22,0,0,0,0,0,0,0,0,0,0,0,0,0,0,0,0,0,0,,,,,
Chest,,Lorica,Armor with a muscular design. Worn by roman officers.,4,,,5250,0,20,3,0,0,5,0,10,0,0,0,0,0,0,0,0,0,0,0,0,,,,,
Chest,,Valkyrie Mail,Armor blessed by a war maiden. It prevents poison effects.,4,,,5750,0,18,3,0,0,4,0,5,10,0,0,0,0,0,0,0,0,0,0,0,,,,,
Chest,,Diamond Plate,Diamond breastplate.,4,,,6000,0,30,0,0,0,0,0,0,0,0,0,0,0,0,0,0,0,0,0,0,,,,,
Chest,,Demon's Mail,Suit of mail imbued with dark powers.,4,,,6250,0,29,4,4,0,0,0,13,0,0,0,0,-13,-13,-13,0,-13,13,0,0,,,,,
Chest,,Heavy Armor,"Cumbersome armor. High defense, but slows down the wearer.",4,,,6250,0,33,0,5,0,5,0,20,0,0,0,0,0,0,0,0,0,0,0,0,,,,,
Chest,,Alucard Mail,"Strong against fire, lightning, and ice attacks.",4,,,8750,0,24,0,0,0,8,0,12,12,0,0,0,10,10,10,0,0,0,0,0,,,,,
Chest,,Eversing,Armor tempered by a waterfall over many millennia.,4,,,,0,27,0,0,0,10,0,0,0,0,0,0,0,15,0,0,0,0,0,0,,,,,
Chest,,Spiked Mail,Armor studded with sharp spikes. Wear with Caution.,5,,,8750,0,15,0,0,0,0,0,0,0,0,0,0,0,0,0,0,0,0,0,0,,,,,
Chest,,Healing Mail,Armor that heals HP as the wearer walks.,5,,,9750,0,12,0,0,0,0,0,0,0,0,0,0,0,0,0,0,0,0,0,0,,,,,
Chest,,Berserker Mail,"Armor that increases damage, both dealt and received.",5,,,11250,0,0,10,-20,0,-20,0,-20,0,-50,-50,-50,-50,-50,-50,0,-50,-50,0,0,,,,,
Chest,,Simon's Plate,Breastplate passed down through generations of Belmonts.,5,,,12500,0,28,5,0,0,5,0,30,0,10,10,10,0,0,0,10,0,0,10,10,,,,,
Chest,,Minerva Mail,Armor blessed by a war goddess. Prevents the effects of Curse.,5,,,12500,0,26,4,0,0,12,0,15,15,0,0,0,0,0,0,0,0,0,0,0,,,,,
Chest,,Impervious Mail,Armor that can completely block some attacks.,5,,,16650,0,15,0,0,0,0,0,0,0,0,0,0,0,0,0,0,0,0,0,0,,,,,
Chest,,Ancient Armor,Any damage taken reduces HP by 20% of the Maximum HP.,5,,,,0,0,0,0,0,0,0,0,0,0,0,0,0,0,0,0,0,0,0,0,,,,,
Chest,,Retro Armor,,5,,,,0,29,8,0,4,0,5,30,30,0,0,0,0,0,0,0,0,0,0,0,,,,,
Chest,,Fuma's Armor,,1,,,,0,25,8,0,8,0,0,0,0,0,0,0,0,0,0,0,0,0,0,0,,,,,
Legs,,Sandals,Comfy-looking sandals made of leather.,1,,,125,0,1,0,0,0,0,0,0,0,0,0,0,0,0,0,0,0,0,0,0,,,,,
Legs,,Royal Sandals,Sandals decorated with precious gems.,3,,,1700,0,5,0,0,0,0,0,0,2,0,0,0,0,0,0,10,0,0,10,0,,,,,
Legs,,Simon's Sandals,Sandals passed down through generations of Belmonts.,4,,,5000,0,9,3,0,0,3,0,8,0,0,0,0,0,0,0,0,10,10,0,0,,,,,
Legs,,Wingtips,For the fashionably-dressed vampire hunter.,1,,,200,0,2,0,0,0,0,0,0,0,0,5,0,0,0,0,0,0,0,0,0,,,,,
Legs,,Sabrina Shoes,Flats with no heel.,1,,,250,0,2,0,0,0,0,0,0,0,0,0,0,0,0,0,0,0,0,0,0,,,,,
Legs,,Silent Sandals,Shoes with unusual soles that let the wearer walk silently.,1,,,300,0,2,0,0,0,0,0,0,1,0,0,0,0,0,0,0,0,0,0,0,,,,,
Legs,,Glamorous Pumps,Absolutely fabulous high-heeled shoes.,2,,,450,0,3,0,0,0,0,0,0,0,0,0,0,0,0,0,0,0,0,0,0,,,,,
Legs,,Prima Shoes,"The ultimate to shoes, reserved for prima ballerinas.",2,,,575,0,3,0,1,0,1,0,0,0,0,0,0,0,0,0,0,0,0,0,0,,,,,
Legs,,Glass Shoes,An impractically fragile pair of shoes.,2,,,645,0,3,0,0,0,0,3,0,0,0,0,0,0,0,0,0,0,0,0,0,,,,,
Legs,,Oxfords,Thick-soled leather shoes.,3,,,700,0,3,0,0,0,0,0,0,0,10,0,0,0,0,20,0,0,0,0,0,,,,,
Legs,,Nun's Shoes,Shoes designed for a woman of the cloth.,3,,,900,0,3,0,0,0,2,0,0,2,0,0,0,0,0,0,0,0,0,0,0,,,,,
Legs,,Diamond Shoes,"A pair of sparkling, diamond-encrusted shoes.",3,,,2000,0,9,0,0,0,0,0,0,0,0,0,0,0,0,0,0,0,0,0,0,,,,,
Legs,,Artemis Shoes,Shoe blessed by a goddess.,4,,,7500,0,9,0,2,5,2,5,0,5,0,0,0,0,0,0,0,0,0,0,0,,,,,
Legs,,Hiking Boots,"Heavy, think-treaded boots.",1,,,200,0,1,0,0,0,0,0,1,0,0,0,0,0,0,0,0,0,0,0,0,,,,,
Legs,,Combat Boots,Boots with a knife pocket designed for combat.,1,,,325,0,2,1,0,0,0,0,0,0,0,0,0,0,0,0,0,0,0,0,0,,,,,
Legs,,Engineer Boots,Sturdy boots with steel plating in the toes.,2,,,275,0,2,0,1,0,0,0,1,0,0,0,0,0,0,-5,0,0,0,0,0,,,,,
Legs,,Inuit Boots,Boots made of seal fur.,2,,,375,0,2,0,0,0,0,0,0,0,0,0,0,0,10,0,0,0,0,0,0,,,,,
Legs,,Enamel Pinheels,Shiny enamel pinheels.,2,,,420,0,3,0,0,0,0,0,0,1,0,0,5,0,0,0,0,0,0,0,0,,,,,
Legs,,Spiked Boots,Boots that deal extra damage when kicking.,3,,,,0,3,0,0,0,0,0,0,0,0,0,0,0,0,0,0,0,0,0,0,,,,,
Legs,,Slick Boots,Boots that enhance sliding ability.,3,,,,0,3,0,0,0,0,0,0,0,0,0,0,0,0,0,0,0,0,0,0,,,,,
Legs,,Moonwalkers,Boots that enhance the back-dash ability.,3,,,,0,3,0,0,0,0,0,0,0,0,0,0,0,0,0,0,0,0,0,0,,,,,
Legs,,Mercury Boots,Boots that allow their wearer to move faster.,3,,,,0,3,0,0,0,0,0,0,0,0,0,0,0,0,0,0,0,0,0,0,,,,,
Legs,,Succubus Boots,Boots once worn by a vile temptress.,4,,,1975,0,4,0,2,4,2,0,0,3,0,0,0,0,0,0,0,0,20,0,0,,,,,
Legs,,Combo Boots,Gain strength by continous kicks without touching the ground.,4,,,,0,4,0,0,0,0,0,0,0,0,0,0,0,0,0,0,0,0,0,0,,,,,
Legs,,Winged Boots,Boots that increase running speed.,5,,,,0,0,0,0,0,0,0,0,0,0,0,0,0,0,0,0,0,0,0,0,,,,,
Legs,,Slide Boots,,4,,,,0,5,0,0,0,0,0,0,0,0,0,0,0,0,0,0,0,0,0,0,,,,,
Legs,,Sonic Boots,Boots that increase running speed,5,,,,1,1,1,0,1,0,0,5,5,0,0,0,0,0,0,0,0,0,0,0,,,,,
Legs,,Retro Boots,,1,,,,0,0,0,0,0,0,0,0,0,0,0,0,0,0,0,0,0,0,0,0,,,,,
Legs,,Feather Boots,Boots that enhance the back-dash ability.,5,,,,0,0,0,0,0,0,0,0,0,0,0,0,0,0,0,0,0,0,0,0,,,,,
Legs,,Iron Leggings,Iron-clad shin protection.,2,,,400,0,4,0,0,0,0,0,0,0,0,0,0,0,0,0,0,0,0,0,0,,,,,
Legs,,Steel Greaves,Steel armor for the legs.,2,,,750,0,5,0,0,0,0,0,0,0,0,0,0,0,0,0,0,0,0,0,0,,,,,
Legs,,Silver Leggings,Leggings crafted of lustrous metal.,3,,,950,0,6,0,0,0,0,0,0,0,0,0,0,0,0,0,0,0,0,0,0,,,,,
Legs,,Crimson Greaves,Full leg protection cast in a deep red material.,3,,,1250,0,6,2,0,0,0,0,1,1,0,0,0,0,0,0,0,0,0,0,0,,,,,
Legs,,Gold Leggings,Leggings crafted of the precious metal.,3,,,1500,0,8,0,0,0,0,0,0,0,0,0,0,0,0,0,0,0,0,0,0,,,,,
Legs,,Samurai Leggings,Leggings worn by the ancient warriors of the East.,4,,,1700,0,8,3,0,0,0,0,5,0,0,0,0,0,0,0,0,0,0,0,0,,,,,
Legs,,Platinum Leggings,Leggings crafted of gray-white metal.,4,,,2250,0,9,0,0,0,0,0,0,0,0,0,0,0,0,0,0,0,0,0,0,,,,,
Legs,,Valkyrie Greaves,Full leg protection blessed by a war maiden.,4,,,3000,0,7,1,0,0,2,0,3,3,0,0,0,0,0,0,0,0,0,0,15,,,,,
Legs,,Minerva Greaves,Full leg protection blessed by a war goddess.,4,,,3750,0,8,2,0,0,3,0,5,5,0,0,0,0,0,0,0,0,0,15,0,,,,,
Legs,,Fuma's Greaves,,1,,,,0,8,4,0,4,0,0,0,0,0,0,0,0,0,0,0,0,0,0,0,,,,,
Back,,Cape,Simple but sturdy cape.,1,,,75,0,1,0,0,0,0,0,0,0,0,0,0,5,5,0,0,0,0,0,0,,,,,
Back,,Hero's Cape,Flashy velvet cape.,1,,,200,0,2,0,0,0,0,0,2,2,0,0,0,5,5,0,0,0,0,0,0,,,,,
Back,,Cloth Cape,Well-made but shappy looking cape.,2,,,250,0,2,0,1,0,0,0,1,1,0,0,0,5,5,0,0,0,0,0,0,,,,,
Back,,Blue Cape,Beautiful blue cape.,2,,,375,0,3,0,0,1,0,0,3,3,0,0,0,5,5,0,0,0,0,0,0,,,,,
Back,,Traveler Cape,Sturdy cape popular with travelers.,2,,,500,0,3,0,0,1,0,0,3,3,0,5,0,5,5,0,0,0,0,0,0,,,,,
Back,,Cape of Invisibility,Magic cape that renders the wearer invisible.,3,,,750,0,4,0,0,0,0,2,5,5,0,0,0,5,5,0,0,0,0,0,0,,,,,
Back,,Assassin's Cape,Stealthy cape favored by assassins.,3,,,1000,0,4,1,0,0,0,0,4,4,0,0,0,0,0,0,0,0,0,0,0,,,,,
Back,,Blood Cloak,Converts damage taken into hearts.,3,,,,0,3,0,0,0,0,0,3,3,0,0,0,0,0,0,0,0,0,0,0,,,,,
Back,,Holy Mantle,Long cape worn by high-ranking clergy.,3,,,2000,0,3,0,2,0,2,0,3,8,0,0,0,0,0,0,0,0,0,0,0,,,,,
Back,,Elven Cape,Cape that provides special protection against magic.,4,,,2500,0,5,0,0,0,5,0,4,6,0,0,5,5,5,5,0,0,0,0,0,,,,,
Back,,Crimson Cloak,Cloak that has a vivid red hue.,4,,,3750,0,5,2,0,0,2,0,8,8,0,0,0,10,10,0,0,0,0,0,0,,,,,
Back,,Paludamentum,Roman general's cloak.,4,,,5000,0,5,0,0,0,5,0,10,15,0,0,0,8,8,10,0,0,0,0,0,,,,,
Back,,Black Cloak,Cloak the color of inky darkness.,4,,,5000,0,6,0,2,0,0,0,13,13,0,0,0,15,15,0,0,0,10,0,0,,,,,
Back,,Simon's Cloak,Cloak passed down through generations of Belmonts,5,,,,2,8,3,0,0,3,0,50,0,0,0,0,15,15,15,0,0,0,0,0,,,,,
Back,,Retro Cloak,Cloak worn by an ancient vampire hunter.,5,,,,0,6,3,0,2,0,2,12,12,0,0,0,0,0,0,0,0,0,0,0,,,,,
Back,,Benten Raiment,A Japanese coat that increases the effect of hearts.,3,,,,0,5,0,0,0,0,5,0,15,10,10,10,0,0,0,10,0,0,10,10,,,,,
Back,,Daikoku Raiment,A Japanese coat that increases your luck.,4,,,,0,5,0,0,0,0,5,0,15,0,0,0,0,0,0,0,0,0,0,10,,,,,
Back,,Bishamon Raiment,Increases MP recovery speed.,5,,,,0,0,0,0,0,0,5,0,0,0,0,0,0,0,0,10,0,0,10,10,,,,,
Back,,Ebisu Raiment,Increases your chances of finding rare items.,4,,,,0,1,0,0,0,0,5,0,0,0,0,0,0,0,0,10,0,0,10,10,,,,,
Martial Arts,,Uppercut,Perform a soaring uppercut.,2,,,,0,0,0,0,0,0,0,0,0,0,0,0,0,0,0,0,0,0,0,0,,,,,
Martial Arts,,Danger Knee,"Deliver a Sharp, flying knee strike.",1,,,,0,0,0,0,0,0,0,0,0,0,0,0,0,0,0,0,0,0,0,0,,,,,
Martial Arts,,Sonic Strike,"Run at high speed, slashing at foes as you pass.",3,,,,0,0,0,0,0,0,0,0,0,0,0,0,0,0,0,0,0,0,0,0,,,,,
Martial Arts,,Forward Roll,Evade by rolling forward.,2,,,,0,0,0,0,0,0,0,0,0,0,0,0,0,0,0,0,0,0,0,0,,,,,
Martial Arts,guard-jonathan,Guard,Assume a stance that boosts your defense.,1,,,,0,0,0,0,0,0,0,0,0,0,0,0,0,0,0,0,0,0,0,0,,,,,
Martial Arts,,Omnia Vanitas,Evade by leaving only your aura behind.,1,,,,0,0,0,0,0,0,0,0,0,0,0,0,0,0,0,0,0,0,0,0,,,,,
Martial Arts,,Spin Kick,,1,,,,0,0,0,0,0,0,0,0,0,0,0,0,0,0,0,0,0,0,0,0,,,,,
Martial Arts,,Slide Jump,,1,,,,0,0,0,0,0,0,0,0,0,0,0,0,0,0,0,0,0,0,0,0,,,,,
Martial Arts,,Somer Sault,,1,,,,0,0,0,0,0,0,0,0,0,0,0,0,0,0,0,0,0,0,0,0,,,,,
Martial Arts,,Tackle,,1,,,,0,0,0,0,0,0,0,0,0,0,0,0,0,0,0,0,0,0,0,0,,,,,
Martial Arts,,Guardian Knuckle,Call forth a guardian spirit to attack foes.,1,,,,0,0,0,0,0,0,0,0,0,0,0,0,0,0,0,0,0,0,0,0,,,10,0,
Consumable,,Water of Life,Brings dead comrade back to life.,1,,,,0,0,0,0,0,0,0,0,0,0,0,0,0,0,0,0,0,0,0,0,,,,,
Consumable,,Potion,Restores a little HP.,1,,,50,0,0,0,0,0,0,0,25,0,0,0,0,0,0,0,0,0,0,0,0,,,,,
Consumable,,High Potion,Restores a lot of HP.,3,,,125,0,0,0,0,0,0,0,60,0,0,0,0,0,0,0,0,0,0,0,0,,,,,
Consumable,,Super Potion,Restores all HP.,3,,,1250,0,0,0,0,0,0,0,9999,0,0,0,0,0,0,0,0,0,0,0,0,,,,,
Consumable,,Philosopher's Stone,Heals you in exchange for 50MP. Can be used repeatedly.,1,,,,0,0,0,0,0,0,0,0,0,0,0,0,0,0,0,0,0,0,0,0,,,50,0,
Consumable,,Mind Up,Restores a little MP.,1,,,25,0,0,0,0,0,0,0,0,20,0,0,0,0,0,0,0,0,0,0,0,,,,,
Consumable,,High Mind Up,Restores a lot of MP.,2,,,1000,0,0,0,0,0,0,0,0,50,0,0,0,0,0,0,0,0,0,0,0,,,,,
Consumable,,Mana Prism,Restores all MP.,3,,,1250,0,0,0,0,0,0,0,0,9999,0,0,0,0,0,0,0,0,0,0,0,,,,,
Consumable,,Remedy,Cures all negative status ailments.,2,,,50,0,0,0,0,0,0,0,0,0,0,0,0,0,0,0,0,0,0,0,0,,,,,
Consumable,,Uncurse Potion,Nullifies the effects of Curses.,1,,,12,0,0,0,0,0,0,0,0,0,0,0,0,0,0,0,0,0,0,0,0,,,,,
Consumable,,Anti-Venom,Cures posion.,1,,,12,0,0,0,0,0,0,0,0,0,0,0,0,0,0,0,0,0,0,0,0,,,,,
Consumable,,Rusty Food Tin,Are you brave enough to open it?,1,,,25,0,0,0,0,0,0,0,-100,0,0,0,0,0,0,0,0,0,0,0,0,,,,,
Consumable,,Steamed Mussel,White wine brings out this mussel's sweet flavor.,2,,,152,0,0,0,5,0,5,0,50,0,0,0,0,0,0,0,0,0,0,0,0,,,,,
Consumable,,Fried Crab Claw,Fresh out of the fryer and juicy as can be.,2,,,170,0,0,0,10,0,0,0,70,0,0,0,0,0,0,0,0,0,0,0,0,,,,,
Consumable,,Escargot,A snail cooked in butter sauce.,2,,,195,0,0,0,0,0,10,0,80,0,0,0,0,0,0,0,0,0,0,0,0,,,,,
Consumable,,Canel,A French pasty first devised long ago in a convent.,1,,,40,0,0,0,2,0,0,0,15,0,0,0,0,0,0,0,0,0,0,0,0,,,,,
Consumable,,Hamburger,"A classic burger, topped with lettuce and tomato.",1,,,25,0,0,0,2,0,0,0,15,0,0,0,0,0,0,0,0,0,0,0,0,,,,,
Consumable,,Fried Chicken,Crispy fried chicken thigh.,1,,,31,0,0,0,5,0,0,0,18,0,0,0,0,0,0,0,0,0,0,0,0,,,,,
Consumable,,Hot Dog,Delicious! Just don't ask what's in it.,1,,,30,0,0,0,3,0,0,0,18,0,0,0,0,0,0,0,0,0,0,0,0,,,,,
Consumable,,Popcorn,The Perfect size and fluffiness for throwing.,1,,,100,0,0,0,1,0,0,0,40,0,0,0,0,0,0,0,0,0,0,0,0,,,,,
Consumable,,Bagel Sandwich,A megaton bagel that's several sizes too big for your mouth.,2,,,225,0,0,0,5,0,0,0,80,0,0,0,0,0,0,0,0,0,0,0,0,,,,,
Consumable,,Licorice,A chewy teat with a one-of-a-kind aroma that can't be beat.,1,,,25,0,0,0,0,3,0,-3,10,10,0,0,0,0,0,0,0,0,0,0,0,,,,,
Consumable,,Red Licorice,Kid and adults love this straw-berry treat's singular smell.,1,,,37,0,0,0,0,5,0,-5,15,15,0,0,0,0,0,0,0,0,0,0,0,,,,,
Consumable,,Cream Puff,"Soft, fluffy, and sweet.",1,,,45,0,0,0,0,0,0,1,15,15,0,0,0,0,0,0,0,0,0,0,0,,,,,
Consumable,,Pudding,It wiggles and jiggles.,1,,,50,0,0,0,0,5,0,5,15,15,0,0,0,0,0,0,0,0,0,0,0,,,,,
Consumable,,Plain Cruller,"A choux pastry with a nice, light texture.",1,,,75,0,0,0,0,1,0,0,20,20,0,0,0,0,0,0,0,0,0,0,0,,,,,
Consumable,,Chocolate Cruller,Lovingly embellished with just the right amount of chocolate.,1,,,75,0,0,0,1,1,0,0,25,25,0,0,0,0,0,0,0,0,0,0,0,,,,,
Consumable,,Berry Cruller,The suace's tart flavor makes for a perfect match.,1,,,87,0,0,0,0,1,0,1,25,25,0,0,0,0,0,0,0,0,0,0,0,,,,,
Consumable,,Green Tea Cruller,"Accented with fragrant, green tea-flavored chocolate.",1,,,87,0,0,0,0,1,1,0,25,25,0,0,0,0,0,0,0,0,0,0,0,,,,,
Consumable,,Plain Donut,A crisp donut,1,,,95,0,0,0,0,2,0,0,30,30,0,0,0,0,0,0,0,0,0,0,0,,,,,
Consumable,,Strawberry Donut,Packed with chunks of berry and splashed with chocolate.,1,,,87,0,0,0,0,2,0,2,35,35,0,0,0,0,0,0,0,0,0,0,0,,,,,
Consumable,,Chocolate Donut,Made with real Belgian chocolate!,1,,,87,0,0,0,2,2,0,0,35,35,0,0,0,0,0,0,0,0,0,0,0,,,,,
Consumable,,Tiramisu,"Italian cheesecake one might describe as ""stupidly delicious.""",2,,,120,0,0,0,0,4,0,4,50,50,0,0,0,0,0,0,0,0,0,0,0,,,,,
Consumable,,Berry Mousse Cake,Gold-ribbion winner in countless cake-baking contests.,3,,,250,0,0,0,0,4,0,8,80,80,0,0,0,0,0,0,0,0,0,0,0,,,,,
Consumable,,Mango Mousse Cake,"So tropical, you'll want a little umbrella for your drink.",3,,,250,0,0,0,0,4,8,0,80,80,0,0,0,0,0,0,0,0,0,0,0,,,,,
Consumable,,Mint Mousse Cake,Delectable proof that some patissiers were born for baking.,3,,,250,0,0,0,0,4,4,4,80,80,0,0,0,0,0,0,0,0,0,0,0,,,,,
Consumable,,Spoiled Milk,Its expiration date is from three years ago.,1,,,25,0,0,0,0,0,0,0,-300,0,0,0,0,0,0,0,0,0,0,0,0,,,,,
Consumable,,Tea,Sip slowly and relax.,1,,,95,0,0,0,0,0,0,0,0,1,0,0,0,0,0,0,0,0,0,0,0,,,,,
Consumable,,Coffee,Decaffeinated coffee.,1,,,95,0,0,0,0,0,0,0,0,1,0,0,0,0,0,0,0,0,0,0,0,,,,,
Consumable,,Cream Soda,Topped with a Cerry.,1,,,137,0,0,0,0,0,0,0,0,3,0,0,0,0,0,0,0,0,0,0,0,,,,,
Consumable,,Milk,"Low-fat milk, good for your bones.",1,,,37,0,0,0,0,0,0,0,0,2,0,0,0,0,0,0,0,0,0,0,0,,,,,
Consumable,,Rotten Meat,A slab of rotting beef.,1,,,7,0,0,0,0,0,0,0,-29,0,0,0,0,0,0,0,0,0,0,0,0,,,,,
Consumable,,Meat Strip,Restores 29 HP.,1,,,75,0,0,3,0,0,0,0,29,0,0,0,0,0,0,0,0,0,0,0,0,,,,,
Consumable,,Boneless Ham,A real ham for a real hungry person. It weighs a ton.,3,,,320,0,0,0,5,0,0,0,129,0,0,0,0,0,0,0,0,0,0,0,0,,,,,
Consumable,,Roast Beef,Cooked with Incredible precision; only a hint of pink remains.,3,,,320,0,0,3,3,0,0,0,129,0,0,0,0,0,0,0,0,0,0,0,0,,,,,
Consumable,,Tasty Meat,Restores 129 HP.,3,,,360,0,0,5,0,0,0,0,129,0,0,0,0,0,0,0,0,0,0,0,0,,,,,
Consumable,,Strawberry,"A plumb, sweet strawberry.",1,,,62,0,0,0,0,0,3,1,0,30,0,0,0,0,0,0,0,0,0,0,0,,,,,
Consumable,,Kiwi,Full of vitamins that are great for the skin.,1,,,100,0,0,0,0,0,3,0,0,40,0,0,0,0,0,0,0,0,0,0,0,,,,,
Consumable,,Grapes,Bursting with flavorful juice.,2,,,145,0,0,0,0,0,5,0,0,60,0,0,0,0,0,0,0,0,0,0,0,,,,,
Consumable,,Melon,A melon of the finest quality.,3,,,250,0,0,0,0,0,5,0,0,120,0,0,0,0,0,0,0,0,0,0,0,,,,,
Consumable,,Amanita,A toxic mushroom that induces hallucinations.,1,,,12,0,0,0,0,0,0,0,0,-20,0,0,0,0,0,0,0,0,0,0,0,,,,,
Consumable,,Olives,Make these the center of your favorite salad or hors d'oeuvre.,1,,,50,0,0,0,0,0,0,0,0,20,0,0,0,0,0,0,0,0,0,0,0,,,,,
Consumable,,Caesar Salad,A salad made mainly with lettuce and topped with cheese aplenty.,2,,,125,0,0,0,0,0,0,0,0,50,0,0,0,0,0,0,0,0,0,0,0,,,,,
Consumable,,California Roll,A sushi roll garnished with tobiko.,1,,,50,0,0,0,0,0,0,0,20,0,0,0,0,0,0,0,0,0,0,0,0,,,,,
Consumable,,Quiche,A harmonious marriage of egg and fragrant crust.,2,,,125,0,0,0,0,0,0,0,50,0,0,0,0,0,0,0,0,0,0,0,0,,,,,
Consumable,,Gazpacho,A cold soup made from the ripest of tomatoes.,2,,,145,0,0,0,0,0,0,0,60,0,0,0,0,0,0,0,0,0,0,0,0,,,,,
Consumable,,Pizza,"The ultimate pizza, made with buffalo mozzarella. Who knew?",2,,,2250,0,0,2,0,0,0,0,70,0,0,0,0,0,0,0,0,0,0,0,0,,,,,
Consumable,,Shrimp Cocktail,"So perfectly cooked, you won't be able to control yourself.",3,,,300,0,0,0,0,0,0,0,100,0,0,0,0,0,0,0,0,0,0,0,0,,,,,
Consumable,,Beef Curry,Mouth-wateringly delicious.,3,,,320,0,0,15,0,0,0,0,100,0,0,0,0,0,0,0,0,0,0,0,0,,,,,
Consumable,,Ramen,Noodles floating in a broth made using pork bones.,3,,,275,0,0,10,10,0,0,0,100,0,0,0,0,0,0,0,0,0,0,0,0,,,,,
Consumable,,Caviar,Sturgeon Eggs. One of the world's three great delicacies.,5,,,750,0,0,0,0,12,0,7,200,0,0,0,0,0,0,0,0,0,0,0,0,,,,,
Consumable,,Truffle,Rare black mushroom. One of the world's three great delicacies.,5,,,750,0,0,0,0,0,0,12,200,0,0,0,0,0,0,0,0,0,0,0,0,,,,,
Consumable,,Foie Gras,Duck liver paste. One of the world's three great delicacies.,5,,,750,0,0,0,0,12,0,7,200,0,0,0,0,0,0,0,0,0,0,0,0,,,,,
Consumable,,R. Strip Meat,,1,,,75,0,0,5,5,0,0,5,86,0,0,0,0,0,0,0,0,0,0,0,0,,,,,
Accessories,,Pearl Ring,Ring set with a single pearl.,2,,,375,0,1,0,0,0,0,0,0,2,0,0,0,0,0,0,0,5,0,0,0,,,,,
Accessories,,Skull Ring,Curses its wearer.,2,,,825,0,6,3,3,3,3,0,0,0,0,0,0,0,0,0,0,0,0,-100,0,,,,,
Accessories,,Hercules Ring,lets you ignore blows like a mighty god.,3,,,1250,0,0,0,3,0,0,0,0,0,0,0,0,0,0,0,0,0,0,0,0,,,,,
Accessories,,Blessed Ring,Ring that neutralizes curses.,3,,,1500,0,0,0,0,0,0,0,0,0,0,0,0,0,0,0,0,0,0,25,0,,,,,
Accessories,,Immunity Ring,Ring that neutralizes poison attacks.,3,,,1500,0,0,0,0,0,0,0,0,0,0,0,0,0,0,0,0,0,0,0,25,,,,,
Accessories,,Sage Ring,Increases MP Recovery speed.,3,,,,0,0,0,0,0,0,0,0,0,0,0,0,0,0,0,0,0,0,0,0,,,,,
Accessories,,Satan's Ring,Ring once worn by the dark lord.,3,,,,0,4,3,3,3,3,0,0,0,0,0,0,0,0,0,6,-6,6,6,6,,,,,
Accessories,,Gold Ring,Ring that increases your luck with money.,3,,,,0,0,0,0,0,0,0,0,0,0,0,0,0,0,0,0,0,0,0,0,,,,,
Accessories,,Artemisian Ring,,3,,,,0,5,6,4,4,4,0,0,0,0,0,0,0,0,0,0,0,0,0,0,,,,,
Accessories,,Apollonian Ring,,3,,,,0,5,6,4,4,4,0,0,0,0,0,0,0,0,0,0,0,0,0,0,,,,,
Accessories,,Astral Ring,Consume HP instead of MP when using Magic.,4,,,2500,0,0,0,0,0,0,0,0,0,0,0,0,0,0,0,0,0,0,0,0,,,,,
Accessories,,Tough Ring,Shortens the time you spend stunned after taking damage.,4,,,2500,0,0,0,3,0,0,0,0,0,0,0,0,0,0,0,0,0,0,0,0,,,,,
Accessories,,Master Ring,Ring that increases the mastery received.,4,,,50000,0,0,0,0,0,0,0,0,0,0,0,0,0,0,0,0,0,0,0,0,,,,,
Accessories,,Soul Eater Ring,Ring that Improves the odds a defeated foe will leave a soul behind.,4,,,50000,0,0,0,0,0,0,0,0,0,0,0,0,0,0,0,0,0,0,0,0,,,,,
Accessories,,Staurolite,Strengthens power of the Cross subweapon.,4,,,,0,0,0,0,0,0,0,0,0,0,0,0,0,0,0,0,0,0,0,0,,,,,
Accessories,,Thief Ring,Ring that increases your chance of finding rare items.,4,,,,0,0,0,0,0,0,10,0,0,0,0,0,0,0,0,0,0,0,0,0,,,,,
Accessories,,Chaos Ring,Increases MP Recovery speed.,4,,,,0,0,0,0,0,0,0,0,0,0,0,0,0,0,0,0,0,0,0,0,,,,,
Accessories,,Miser Ring,Ring that boosts your attack damage based on your current wealth.,5,,,,0,0,0,0,0,0,0,0,0,0,0,0,0,0,0,0,0,0,0,0,,,,,
Accessories,,Pendant,A plain pendant.,1,,,125,0,1,0,0,0,0,0,1,1,0,0,0,0,0,0,0,0,0,0,0,,,,,
Accessories,,Lucky Charm,Good-luck charm for prosperity.,1,,,250,0,0,0,0,0,0,1,0,0,0,0,0,0,0,0,0,0,0,0,0,,,,,
Accessories,,Skull Necklace,A macabre piece of jewelry.,2,,,600,0,3,0,0,0,0,-1,2,2,0,0,0,0,0,0,0,-5,5,5,0,,,,,
Accessories,,Studded Choker,"Choker with metal studs, for the rebals out there.",2,,,625,0,2,0,0,0,0,0,3,3,0,0,0,0,0,0,0,0,0,0,0,,,,,
Accessories,,Forget-Me-Not,Necklace patterned after a beautiful flower.,2,,,700,0,1,0,0,2,0,0,2,2,0,0,0,0,0,0,0,0,0,0,0,,,,,
Accessories,,Crystal Necklet,"Necklace containing pure, crisp winter air.",2,,,950,0,2,0,0,2,0,0,3,3,0,0,0,10,0,0,0,0,0,0,0,,,,,
Accessories,,Charm Necklace, Necklace that resists curses.,3,,,1050,0,0,0,0,0,0,0,4,4,0,0,0,0,0,0,0,0,0,15,0,,,,,
Accessories,,Platinum Chain,Platinum necklace with a Victorian design.,3,,,2000,0,3,0,0,0,0,0,5,5,0,0,0,0,0,0,0,0,0,0,0,,,,,
Accessories,,Flame Necklace,Necklace that symbolizes fire.,3,,,1350,0,2,0,0,0,0,0,5,5,0,0,0,20,0,0,0,0,0,0,0,,,,,
Accessories,,Moonstone,Improves status from sunset to sunrise.,3,,,,0,0,2,2,2,2,2,0,0,0,0,0,0,0,0,0,0,0,0,0,,,,,
Accessories,,Sunstone,Improves status from sunrise until sunset.,3,,,,0,0,2,2,2,2,2,0,0,0,0,0,0,0,0,0,0,0,0,0,,,,,
Accessories,,Blessed Ankh,Increases the effectiveness of recovery items.,3,,,,0,0,0,0,0,0,0,0,0,0,0,0,0,0,0,0,0,0,0,0,,,,,
Accessories,,Bloodstone,Improves blood-healing ability.,4,,,2800,0,0,0,0,0,0,0,0,0,0,0,0,0,0,0,0,0,0,0,0,,,,,
Accessories,,Rosary,Beads with a cross made of silver.,4,,,3750,0,1,0,5,0,0,0,0,0,0,0,0,0,0,0,0,0,10,10,0,,,,,
Accessories,,Hoop Earring,"Large, circular earring.",1,,,75,0,1,0,0,0,0,0,1,0,0,0,0,0,0,0,0,0,0,0,0,,,,,
Accessories,,Turqoise Stud,Stud earring embedded with a blue-green gem.,2,,,325,0,1,0,0,0,0,0,1,0,0,0,0,0,5,0,0,0,0,0,0,,,,,
Accessories,,Silver Stud,Earring made of shining silver.,2,,,400,0,1,0,0,0,0,0,2,0,0,0,0,0,0,0,0,0,3,0,0,,,,,
Accessories,,Gold Stud,Stud earring made of solid gold.,2,,,850,0,3,0,0,0,0,0,3,0,0,0,0,0,0,0,0,0,0,0,0,,,,,
Accessories,,Bloody Stud,Ruby earring of the deepest red.,2,,,,0,1,0,0,0,0,0,3,0,0,0,0,5,0,0,0,0,0,0,0,,,,,
Accessories,,Platinum Stud,Expensive stud earring made of platinum.,3,,,1000,0,3,0,1,0,0,0,5,0,0,0,0,0,0,0,0,0,0,0,0,,,,,
Accessories,,Power Belt,Belt that provides support to muscles.,3,,,1200,0,3,1,0,0,0,0,5,0,0,0,0,0,0,0,0,0,0,0,0,,,,,
Accessories,,Black Belt,Worn by skilled fighters.,4,,,5000,0,3,2,0,0,0,0,0,0,0,0,0,0,0,0,0,0,0,0,0,,,,,
Accessories,,Megingiord,Belt worn by a deity of war. It amplifies power.,4,,,7500,0,3,4,0,0,0,0,0,0,0,0,0,0,0,0,0,0,0,0,0,,,,,
Accessories,,Laurel Brooch,Valuable antique brooch.,1,,,250,0,1,0,0,0,1,0,2,2,0,0,0,0,0,0,0,0,0,0,0,,,,,
Accessories,,Abalone Brooch,Brooch made from shells from the Mediterranean Sea.,2,,,450,0,1,0,0,0,1,0,2,2,0,0,0,0,3,0,0,0,0,0,0,,,,,
Accessories,,Heart Brooch,Increases your chance of finding hearts.,3,,,1250,0,0,0,0,0,0,0,0,0,0,0,0,0,0,0,0,0,0,0,0,,,,,
Accessories,,Astral Brooch,Converts damage taken in to MP boost.,3,,,,0,0,0,0,0,0,0,0,0,0,0,0,0,0,0,0,0,0,0,0,,,,,
Accessories,,Diamond Brooch,Brooch with the blinding glare of a 100-carat diamond.,4,,,3000,0,5,0,0,0,0,0,6,6,0,0,0,0,0,0,0,0,0,0,0,,,,,
Accessories,,Moon Brooch,Elegant brooch that twinkles with the light of the moon.,4,,,2750,0,4,0,3,0,3,1,5,5,0,0,0,0,0,0,0,0,0,0,0,,,,,
Accessories,,Venus Brooch,"Jewelry blessed by Venus, goddess of love and beauty.",4,,,8750,0,3,0,3,0,3,3,7,7,0,0,0,0,0,0,0,0,0,0,0,,,,,
Accessories,,Neck Warmer,Keeps out the cold. Made of a new synthetic material.,1,,,250,0,1,0,0,0,0,0,0,0,0,0,0,0,20,0,0,0,0,0,0,,,,,
Accessories,,Scarf,Scarf made of knitted wool.,1,,,450,0,1,0,1,0,1,0,3,0,0,0,0,0,0,0,0,0,0,0,0,,,,,
Accessories,,Red Scarf,Crimson scarf with an air of melancholy about it.,3,,,1300,0,3,0,0,2,2,0,4,4,0,0,0,0,15,0,0,0,0,0,0,,,,,
Accessories,,White Corsage,"Made up of small, snowy white flowers.",1,,,125,0,1,0,0,1,0,0,0,1,0,0,0,0,0,0,0,0,0,0,0,,,,,
Accessories,,Rose Corsage,"Corsage fashioned from high-quality, delicate materials.",1,,,300,0,1,0,0,1,0,0,0,2,0,0,0,0,0,0,0,0,0,0,0,,,,,
Accessories,,Orchid Corsage,Corsage fashioned from the finest materials.,2,,,800,0,2,0,0,1,0,0,0,4,0,0,0,0,0,0,0,0,0,0,0,,,,,
Accessories,,Tear of Blood,Jewel the color of blood.,4,,,4500,0,4,1,1,1,0,0,4,4,0,0,0,0,0,0,0,0,0,0,0,,,,,
Accessories,,Fool's Tablet,Poisons anyone who equips it.,3,,,,0,0,6,0,6,0,0,0,0,0,0,0,0,0,0,25,0,25,25,-100,,,,,
Hidden Item,,Bell,5000 pts.,1,,,,,,,,,,,,,,,,,,,,,,,,,,,,
Hidden Item,,Crown,5000 pts.,1,,,,,,,,,,,,,,,,,,,,,,,,,,,,
Hidden Item,,Moai,5000 pts.,1,,,,,,,,,,,,,,,,,,,,,,,,,,,,
Hidden Item,,Goemon,5000 pts.,1,,,,,,,,,,,,,,,,,,,,,,,,,,,,
Hidden Item,,Vic Viper,5000 pts.,1,,,,,,,,,,,,,,,,,,,,,,,,,,,,
Hidden Item,,Konami Man,5000 pts.,1,,,,,,,,,,,,,,,,,,,,,,,,,,,,
Hidden Item,,Vick13,5000 pts.,1,,,,,,,,,,,,,,,,,,,,,,,,,,,,
Hidden Item,,Lucky Cat,5000 pts.,1,,,,,,,,,,,,,,,,,,,,,,,,,,,,
Hidden Item,,Twin Bee,5000 pts.,1,,,,,,,,,,,,,,,,,,,,,,,,,,,,
Hidden Item,,Facade Card,5000 pts.,1,,,,,,,,,,,,,,,,,,,,,,,,,,,,
